Time,Amount,Note
"8/7/17, 3:46 PM",.1 oz.,
"8/7/17, 6:10 PM",.1 oz.,
"8/7/17, 8:55 PM",.1 oz.,
"8/7/17, 10:48 PM",.1 oz.,
"8/8/17, 1:59 AM",.1 oz.,
"8/8/17, 3:41 AM",.45 oz.,
"8/8/17, 9:46 AM",.1 oz.,
"8/8/17, 11:39 AM",.1 oz.,
"8/8/17, 1:28 PM",.09 oz.,"R 0.05oz, L  0.04oz"
"8/8/17, 3:27 PM",.09 oz.,L - a few drops. R - 0.05oz
"8/8/17, 5:22 PM",.07 oz.,R - 0.05oz. L-0.02
"8/8/17, 7:42 PM",.04 oz.,L 0.02oz R 0.02oz
"8/8/17, 9:53 PM",.09 oz.,R 0.07 L .02
"8/9/17, 12:10 AM",.05 oz.,L .02 R .03
"8/9/17, 2:36 AM",.04 oz.,R .02 L .02
"8/9/17, 5:02 AM",.02 oz.,L 0.01 very little. R 0.01 very little
"8/9/17, 6:12 AM",.5 oz.,Had to pump L side 4x and R 3x. Not sure if L was actually emptied
"8/9/17, 9:05 AM",.06 oz.,R - 0.02 L - 0.04
"8/9/17, 11:19 AM",.03 oz.,"L .02, R .01"
"8/9/17, 1:05 PM",.07 oz.,L .03 R .04
"8/9/17, 3:09 PM",.06 oz.,R 0.03 L 0.03
"8/9/17, 7:15 PM",.06 oz.,
"8/9/17, 7:16 PM",.09 oz.,R .05 L 0.04
"8/9/17, 9:29 PM",.04 oz.,L . 01 R .03
"8/10/17, 12:17 AM",.06 oz.,R ? L ? = 0.06
"8/10/17, 3:07 AM",.05 oz.,L .03 R .02
"8/10/17, 9:33 AM",.9 oz.,No BF. R 0.5 L 0.4 simultaneous
"8/10/17, 12:07 PM",.11 oz.,R .08 L .03
"8/10/17, 2:53 PM",.03 oz.,L 0.01 R 0.02
"8/10/17, 4:03 PM",.04 oz.,"R .01, L .03"
"8/10/17, 6:07 PM",.04 oz.,L .01 R .03
"8/10/17, 8:05 PM",.05 oz.,R .02 L 0.03
"8/11/17, 8:35 AM",.8 oz.,"No BF. R 0.6, L 0.2"
"8/11/17, 3:09 PM",.2 oz.,L .1 R .1; multiple pumps
"8/11/17, 5:38 PM",.2 oz.,R .09 L .07
"8/11/17, 7:40 PM",.2 oz.,
"8/11/17, 8:12 PM",2 oz.,"No BF. L - .75, R - 1.25. Tried pumping for 20min. Was going to power pump but stopped"
"8/11/17, 10:52 PM",.7 oz.,R 0.5 L 0.2
"8/12/17, 7:43 AM",1.6 oz.,"No BF. 2nd letdown at 23min
L 0.6 R 1"
"8/12/17, 11:12 AM",1 oz.,R 0.8 L 0.2. B didn't drink much from R
"8/12/17, 1:03 PM",.11 oz.,R 0.1 L 0.01
"8/12/17, 2:26 PM",1 oz.,"No BF. 14min - 2nd let down (expression phase)
16min - 3rd letdown on R side (stimulation)
R 0.7 L 0.3"
"8/12/17, 7:57 PM",.35 oz.,L 0.25 R 0.1
"8/12/17, 9:34 PM",1.85 oz.,"No BF. R 1oz, L 0.85
Let down 3 times on left side"
"8/13/17, 9:09 AM",1.55 oz.,"R 0.8, L 0.75
Second letdown at 5min"
"8/13/17, 11:57 AM",.39 oz.,R 0.3 L 0.09
"8/13/17, 2:03 PM",.25 oz.,"L 0.05, R 0.2"
"8/13/17, 4:20 PM",2.5 oz.,"Power pump 1 hr. R 1.8, L 0.7"
"8/14/17, 4:08 AM",2.75 oz.,"Power Pump. 1st 20min R 1.4, L 0.9
2nd 10min R 0.3 L 0.15"
"8/14/17, 10:00 AM",.2 oz.,R 0.1 L 0.1
"8/14/17, 11:17 AM",1.1 oz.,No BF. L 0.4 R 0.7
"8/14/17, 2:26 PM",.35 oz.,R 0.25 L 0.1
"8/14/17, 6:00 PM",.85 oz.,L 0.25 R 0.6. 2nd letdown at 16min
"8/14/17, 9:10 PM",2.15 oz.,"Power pump: 1: R 1oz, L 0.5
2: R 0.2 L 0.2
3: R 0.15 L 0.1"
"8/16/17, 6:08 PM",.2 oz.,L only
"8/17/17, 2:00 PM",.15 oz.,"R 0.09, L 0.06"
"8/17/17, 4:24 PM",.6 oz.,R 0.4 L 0.2
"8/17/17, 7:12 PM",.85 oz.,"Power pump: 1) L 0.1 R 0.2
3) L 0.35 R 0.5"
"8/18/17, 12:21 AM",.25 oz.,"L 0.05, R 0.2"
"8/18/17, 9:03 AM",.3 oz.,R 0.1 L 0.2
"8/18/17, 4:30 PM",.6 oz.,L 0.2 R 0.4
"8/19/17, 1:20 AM",.9 oz.,"L 0.4, R 0.5"
"8/19/17, 11:55 AM",1.2 oz.,L 0.5 R 0.7. Watched dog videos
"8/19/17, 6:45 PM",.3 oz.,L 0.1. R 0.2
"8/20/17, 2:02 AM",2.2 oz.,Power pump - L 0.75. R 1.45
"8/20/17, 9:31 AM",1.1 oz.,L 0.6 R 0.5
"8/20/17, 6:00 PM",1.1 oz.,R 0.5 L 0.6
"8/21/17, 5:36 AM",1.4 oz.,"R 1.0, L 0.4"
"8/21/17, 7:55 AM",1 oz.,R 0.5 L 0.5
"8/21/17, 4:46 PM",1.6 oz.,"PP L 0.5, R 1.1"
"8/21/17, 8:54 PM",1 oz.,Pump Only L 0.4 R 0.6
"8/22/17, 11:29 AM",1.35 oz.,"Pump only. R 1.1, L 0.25"
"8/22/17, 1:56 PM",.75 oz.,R 0.5 L 0.25
"8/22/17, 3:57 PM",.8 oz.,"R 0.3, L 0.3. Hand exp 0.2"
"8/22/17, 6:27 PM",1.6 oz.,"PP R 1, L 0.6, hand very little"
"8/22/17, 11:30 PM",1.6 oz.,"Pump only: L 0.5, R 1.0, hand 0.1"
"8/23/17, 6:12 AM",.5 oz.,L 0.1 R 0.1 hand 0.3
"8/23/17, 7:41 AM",1.5 oz.,"PP 1) R 0.5 L 0.25 Hand 0.25
3) 1.5"
"8/23/17, 1:25 PM",.25 oz.,L 0.1 R 0.1 hand 0.05
"8/23/17, 4:07 PM",1 oz.,Symphony. L 0.1 R 0.1. Hand 0.8
"8/23/17, 6:07 PM",1.5 oz.,Pump only R 0.5 L 0.5. Hand 0.5
"8/23/17, 8:49 PM",.6 oz.,"Hand 0.2, L 0.2, R 0.2"
"8/23/17, 11:06 PM",1.35 oz.,Pump only. L 0.5 R 0.75 hand 0.1
"8/24/17, 3:00 AM",.5 oz.,
"8/24/17, 5:52 AM",.8 oz.,L 0.2 R 0.6
"8/24/17, 10:59 AM",1.25 oz.,After supplementer on L breast. L 0.2 R 0.8. Hand 0.25
"8/24/17, 4:28 PM",.8 oz.,After supplementer. L 0.1 R 0.2 hand 0.5
"8/24/17, 7:04 PM",2.25 oz.,PP L 0.7. R 1.2 H 0.35
"8/24/17, 11:12 PM",.5 oz.,L 0.1 R 0.2. Hand 0.2
"8/25/17, 3:30 AM",.5 oz.,Hand only
"8/25/17, 6:26 AM",.3 oz.,Hand only
"8/25/17, 2:10 PM",1.5 oz.,"L 0.6, R 0.75 hand 0.15"
"8/25/17, 5:00 PM",.5 oz.,L 0.2 R 0.1 hand 0.2
"8/25/17, 8:18 PM",.5 oz.,
"8/26/17, 2:15 AM",.25 oz.,
"8/26/17, 4:51 AM",2.7 oz.,L 0.5 R 1.0 hand 1.2
"8/26/17, 9:26 AM",.7 oz.,
"8/26/17, 5:37 PM",.4 oz.,
"8/26/17, 9:13 PM",.5 oz.,
"8/26/17, 11:05 PM",1.7 oz.,Pump only. L 0.7 R 1.0 hand a lil
"8/27/17, 5:53 AM",2.1 oz.,"Pump only L 0.8, R 1.3"
"8/27/17, 9:42 AM",1 oz.,L 0.2 R 0.1. Hand 0.7
"8/27/17, 6:25 PM",1.8 oz.,Pump only. L 0.6 R 0.75. Hand 0.45
"8/27/17, 11:54 PM",1.6 oz.,Pump only. L 0.6 R 1.0
"8/28/17, 6:54 AM",2.3 oz.,Pump only L 0.4 R 0.4. Hand 1.5
"8/28/17, 7:30 AM",.9 oz.,
"8/28/17, 5:00 PM",.4 oz.,Hand first 0.3. Pump after 0.1
"8/28/17, 7:06 PM",2.1 oz.,Power pump L 0.75. R 1.25
"8/28/17, 8:33 PM",1 oz.,Hand only
"8/28/17, 11:20 PM",1 oz.,
"8/28/17, 11:48 PM",1 oz.,Pump only
"8/29/17, 6:57 AM",3.4 oz.,L 1 R 2 hand 0.4
"8/29/17, 3:30 PM",.5 oz.,Hand only
"8/29/17, 5:57 PM",2.7 oz.,PP L 0.7 R 1.9 hand very little
"8/30/17, 1:00 AM",.9 oz.,L 0.4 R 0.5
"8/30/17, 7:46 AM",2.4 oz.,After feeding. L 1. R 0.1.4. Hand very little
"8/30/17, 10:21 AM",1.7 oz.,Pump only L 0.7 R 1
"8/30/17, 2:24 PM",2 oz.,After feeding L 0.75 R 1.25
"8/30/17, 5:00 PM",1.3 oz.,Power pump after a 30min feeding
"8/30/17, 6:30 PM",.2 oz.,
"8/30/17, 11:10 PM",2 oz.,After feeding. L 0.7. R 1.25
"8/31/17, 2:34 AM",2.6 oz.,Pump only. L 0.8 R 1.8
"8/31/17, 4:04 AM",1 oz.,
"8/31/17, 6:49 AM",1.6 oz.,Pump only L 0.6 R 1.0
"8/31/17, 9:49 AM",1.6 oz.,R 1.4. L 0.2. Simultaneous
"8/31/17, 11:30 AM",1.2 oz.,L 0.5 R 0.7
"8/31/17, 1:30 PM",1.2 oz.,L 0.4 R 0.8 hand very lil
"8/31/17, 4:30 PM",1 oz.,
"8/31/17, 6:45 PM",2 oz.,L 0.7. R 1.3
"8/31/17, 8:50 PM",.2 oz.,
"8/31/17, 10:05 PM",1.2 oz.,L 0.5 R 0.7
"9/1/17, 1:02 AM",2.3 oz.,L 0.8 R 1.5
"9/1/17, 4:01 AM",2.1 oz.,L 0.7 R 1.4
"9/1/17, 8:11 AM",1.9 oz.,"After feeding and shower, L 0.7 R 1.25"
"9/1/17, 9:30 AM",.6 oz.,
"9/1/17, 11:30 AM",1.5 oz.,L 0.6 R 0.9
"9/1/17, 1:30 PM",1.6 oz.,L 0.6 R 1.0 H lil
"9/1/17, 4:15 PM",1.6 oz.,L 0.6. R 1
"9/1/17, 6:15 PM",.75 oz.,L 0.25. R .5
"9/1/17, 8:40 PM",1.05 oz.,After feeding. L 0.3 R 0.75
"9/1/17, 11:41 PM",2.25 oz.,L 0.75 R 1.75
"9/2/17, 1:30 AM",1.5 oz.,L 0.5 R 1
"9/2/17, 4:37 AM",1.6 oz.,L 0.5 R 1 H little
"9/2/17, 8:05 AM",1.5 oz.,After feeding and shower. L 0.7 R 0.8
"9/2/17, 10:00 AM",1.35 oz.,R 1.0 L 0.35
"9/2/17, 12:15 PM",1.4 oz.,After feeding. L 0.5 R 0.9
"9/2/17, 3:51 PM",2.2 oz.,L 0.5 R 1.5
"9/2/17, 5:30 PM",1.5 oz.,L 0.5 R 1.0
"9/2/17, 6:20 PM",.6 oz.,L 0.2 R 0.4
"9/2/17, 9:40 PM",.9 oz.,L 0.3 R 0.6
"9/3/17, 4:05 AM",2.3 oz.,"L 0.9, R 1,4 At 10min after massage out first letdown, went back to stimulation mode near max and got a 2nd letdown on R which started L when went to swallow phase"
"9/3/17, 6:09 AM",1.9 oz.,L 0.7 R 1.2 hand lil
"9/3/17, 8:30 AM",1.8 oz.,"L 0.6. R 1.0. After a short feeding
L2 0.7 R2 1.1"
"9/3/17, 10:30 AM",1 oz.,L 0.3 R 0.7
"9/3/17, 12:10 PM",.4 oz.,L 0.2 R 0.2
"9/3/17, 2:40 PM",.35 oz.,After feeding. L 0.1 R 0.25
"9/3/17, 4:32 PM",.8 oz.,L 0.25 R 0.55
"9/3/17, 7:11 PM",.25 oz.,L 0.15 R 0.1
"9/3/17, 9:30 PM",.2 oz.,After feeding. Poor job pumping bc also feeding B simultaneously
"9/4/17, 1:20 AM",4.7 oz.,L 1.7 R 3
"9/4/17, 4:35 AM",2.6 oz.,L 0.9 R 1.7
"9/4/17, 8:40 AM",.6 oz.,L 0.3 R 0.3
"9/4/17, 10:30 AM",1.25 oz.,L 0.5 R 0.75
"9/4/17, 1:00 PM",.2 oz.,
"9/4/17, 5:13 PM",.8 oz.,L 0.2 R 0.6
"9/4/17, 6:20 PM",1.5 oz.,L 0.5 R 1
"9/4/17, 7:41 PM",1 oz.,"#1 L 0.4 R 0.5
#2 0.45 0.55"
"9/4/17, 9:30 PM",1.7 oz.,"1 L 0.5 R 0.9
2 0.6 1.1"
"9/5/17, 4:45 AM",2.1 oz.,L 1 R 1.1
"9/5/17, 8:05 AM",1.3 oz.,"1 L0.2 R 0.4
2 0.4 0.9"
"9/5/17, 12:20 PM",1.45 oz.,L 0.75 R 0.7
"9/5/17, 2:30 PM",1.7 oz.,"1 L 0.6 R 1.1
2 very lil"
"9/5/17, 4:52 PM",.1 oz.,Very lil
"9/5/17, 6:21 PM",.3 oz.,L 0.2 R 0.1
"9/5/17, 8:00 PM",2.4 oz.,L 1 R 1.4
"9/5/17, 10:00 PM",1.4 oz.,L 0.5 R 0.9
"9/5/17, 11:30 PM",1.25 oz.,L 0.5. R .75
"9/6/17, 2:00 AM",1.7 oz.,L 0.6 R 1.1
"9/6/17, 5:20 AM",3.1 oz.,L 1.1 R 2
"9/6/17, 8:20 AM",1 oz.,PP. L 0.4 R 0.6. Had a 2nd letdown!
"9/6/17, 10:20 AM",.25 oz.,
"9/6/17, 4:45 PM",.25 oz.,
"9/6/17, 6:15 PM",2.2 oz.,L 1 R 1.2
"9/6/17, 7:50 PM",1.4 oz.,L 0.5 R 0.9
"9/6/17, 9:50 PM",1.7 oz.,L 0.6 R 1.1
"9/7/17, 1:00 AM",2.6 oz.,L 0.9 R 1.7
"9/7/17, 4:04 AM",2.25 oz.,L 0.75 R 1.5
"9/7/17, 7:20 AM",.6 oz.,L R 0.3
"9/7/17, 11:15 AM",.9 oz.,L 0.3 R 0.6
"9/7/17, 2:30 PM",1.5 oz.,
"9/7/17, 3:13 PM",.7 oz.,L 0.25 R 0.45
"9/7/17, 9:30 PM",3.2 oz.,L 1.4 R 1.8
"9/8/17, 1:10 AM",3.5 oz.,L 1.3 R 2.2
"9/8/17, 4:10 AM",2.4 oz.,L 0.7 R 1.7
"9/8/17, 11:00 AM",1.75 oz.,L 0.75 R 1
"9/8/17, 3:45 PM",1.6 oz.,L R 0.8 each
"9/8/17, 6:15 PM",.3 oz.,
"9/8/17, 9:00 PM",1.4 oz.,0.7 L R
"9/9/17, 1:12 AM",4 oz.,L 1.45 R 2.5
"9/9/17, 10:45 AM",3.5 oz.,L 1.3 R 2.2
"9/9/17, 12:45 PM",.25 oz.,
"9/9/17, 3:35 PM",3.2 oz.,L 1.2 R 2
"9/9/17, 4:52 PM",1.4 oz.,L 0.5 R 0.9
"9/9/17, 8:03 PM",1.3 oz.,L 0.8 R 0.5
"9/9/17, 9:45 PM",1.5 oz.,L 0.6 R 0.9
"9/10/17, 2:15 AM",4.3 oz.,L 1.5 R 2.8
"9/10/17, 9:05 AM",3.6 oz.,L 1.4 R 2.2
"9/10/17, 11:50 AM",2.25 oz.,L 0.75 R 1.5
"9/10/17, 2:00 PM",1.75 oz.,L 0.75 R 1
"9/10/17, 3:50 PM",2 oz.,L 0.7 R 1.3
"9/10/17, 7:50 PM",1.9 oz.,PP L 1 R 0.9
"9/10/17, 9:00 PM",1.75 oz.,PP L 0.75 R 1
"9/10/17, 11:15 PM",1.7 oz.,L 0.6 R 1.1
"9/11/17, 1:00 AM",1.45 oz.,L 0.6 R 0.85
"9/11/17, 7:00 AM",3.6 oz.,"PP L 1 R 2.2
2 0.2 0.2"
"9/11/17, 9:30 AM",2.1 oz.,L 0.8 R 1.3
"9/11/17, 11:45 AM",1.25 oz.,
"9/11/17, 1:40 PM",2.25 oz.,L 0.75 R 1.5
"9/11/17, 2:40 PM",1.3 oz.,Additional power pump L 0.5 R 0.8
"9/11/17, 7:45 PM",2.25 oz.,L 1 R 1.25
"9/11/17, 9:41 PM",2 oz.,PP L 0.75 R 1.25
"9/12/17, 1:35 AM",3.9 oz.,L 1.5 R 2.4
"9/12/17, 8:00 AM",3.5 oz.,PP L 1.3 R 2.2
"9/12/17, 10:30 AM",2 oz.,Pp l 0.75 r 1.25
"9/12/17, 12:41 PM",1.6 oz.,
"9/12/17, 1:13 PM",1.6 oz.,L 0.6 R 1
"9/12/17, 3:00 PM",2.25 oz.,PP L 0.75 R 1.5
"9/12/17, 5:30 PM",1 oz.,
"9/12/17, 8:16 PM",1.8 oz.,L 0.8 R 1
"9/13/17, 12:30 AM",4.75 oz.,PP L 1.75 R 3
"9/13/17, 8:00 AM",3.4 oz.,L 1.2 R 2.2
"9/13/17, 10:10 AM",2.6 oz.,L 1 R 1.6
"9/13/17, 11:50 AM",2.2 oz.,PP L 0.6 R 1.5
"9/13/17, 2:20 PM",2.25 oz.,PP L 0.75 R 1.5
"9/13/17, 5:00 PM",.25 oz.,
"9/13/17, 6:30 PM",2 oz.,PP L 0.75 R 1.25
"9/13/17, 8:30 PM",1.75 oz.,L 0.75 R 1
"9/13/17, 11:13 PM",2.7 oz.,"PP 1: L 0.75 R 1.25
2 0.9 1.8"
"9/14/17, 1:30 AM",2.3 oz.,"Pp 1 0.75 R 1.25
2  0.8 1.5"
"9/14/17, 7:40 AM",2.8 oz.,"PP 1: L 0.4 R 2.2
2  0.5 2.3"
"9/14/17, 9:30 AM",2.5 oz.,L 0.8 R 1.7
"9/14/17, 11:02 AM",1.8 oz.,Pp 0.6 1.1
"9/14/17, 12:50 PM",.7 oz.,L 0.4 R 0.3
"9/14/17, 1:58 PM",1 oz.,L 0.3 R 0.7
"9/14/17, 3:10 PM",.7 oz.,L 0.2 R 0.5
"9/14/17, 4:30 PM",.5 oz.,
"9/14/17, 6:40 PM",1.6 oz.,L 0.6 R 1
"9/14/17, 8:40 PM",1.7 oz.,PP
"9/15/17, 12:25 AM",3.4 oz.,"PP 1- L 1 R 1.8
2 1.2 2.2"
"9/15/17, 6:40 AM",4.4 oz.,"PP 1: L 0.8 R 1.8
2: 1.3, 2.7
3 1.4, 3"
"9/15/17, 8:20 AM",2.5 oz.,"8:20 0.3 0.6
9:10 0.6 1.0
9:30 0.8 1.3
10 0.9 1.6"
"9/15/17, 10:40 AM",2.6 oz.,"10:40 0.3 0.3
11:40 0.6 0.9
12:12 0.75 1.25
12:50 1 1.6"
"9/15/17, 1:45 PM",1.9 oz.,"1:45 0.25 0.5
2:50 0.7 1.2"
"9/15/17, 6:00 PM",1.4 oz.,L 0.5 R 0.9
"9/15/17, 8:10 PM",2.6 oz.,"1:0.7, 1.4
3: 0.8, 1.8"
"9/15/17, 10:36 PM",1.3 oz.,L 0.4 R 0.9
"9/16/17, 1:18 AM",2.3 oz.,0.8 1.5
"9/16/17, 3:21 AM",1 oz.,
"9/16/17, 7:35 AM",2.8 oz.,"PP 1: 0.6, 1
2: 1.0, 1.8"
"9/16/17, 9:00 AM",.8 oz.,L 0.3 R 0.5
"9/16/17, 11:17 AM",1.5 oz.,L 0.5 R 1
"9/16/17, 12:45 PM",1.9 oz.,L 0.7 R 1.2
"9/16/17, 3:03 PM",1.95 oz.,0.75 1.2
"9/16/17, 6:00 PM",2.7 oz.,L 0.7 R 2
"9/16/17, 9:00 PM",3.1 oz.,"L 1.1, R 2"
"9/17/17, 12:00 AM",2.75 oz.,L 1 R 1.75
"9/17/17, 3:00 AM",2.8 oz.,L 1 R 1.8
"9/17/17, 6:00 AM",3 oz.,L 1.1 R 1.9
"9/17/17, 8:50 AM",2.75 oz.,L 1 R 1.75
"9/17/17, 11:50 AM",2.75 oz.,L 1 R 1.75
"9/17/17, 2:40 PM",2.5 oz.,L 0.75 R 1.75
"9/17/17, 4:10 PM",1.5 oz.,L .5 R 1.0
"9/17/17, 6:00 PM",2.3 oz.,L 0.6 R 1.7
"9/17/17, 8:00 PM",1.9 oz.,0.7 1.2
"9/18/17, 1:00 AM",4.7 oz.,L 1.7 R 3
"9/18/17, 6:10 AM",3.5 oz.,1 2.5
"9/18/17, 8:10 AM",2 oz.,0.7 1.3
"9/18/17, 10:10 AM",2.95 oz.,"10:10: 0.7 1
10:45: 0.8 1.3
11:20 1.15 1.8"
"9/18/17, 1:20 PM",2 oz.,0.75 1.25
"9/18/17, 4:25 PM",1.55 oz.,L 0.8 R 0.75
"9/18/17, 6:38 PM",1.65 oz.,0.2 1.45
"9/18/17, 9:03 PM",1.9 oz.,PP L 0.7 R 1.2
"9/19/17, 12:55 AM",3.1 oz.,L 0.4 R 2.7
"9/19/17, 7:15 AM",5.3 oz.,L 1.7 R 3.6
"9/19/17, 8:50 AM",2.4 oz.,L 1 R 1.4
"9/19/17, 10:30 AM",1.7 oz.,
"9/19/17, 11:40 AM",1.95 oz.,"0.3 0.5
0.7 1.25"
"9/19/17, 4:36 PM",1.5 oz.,0.7 0.8
"9/19/17, 6:58 PM",2.3 oz.,"Tried Naya pump, only got out 0.75."
"9/19/17, 8:31 PM",2.7 oz.,PP 1 1.8
"9/20/17, 1:00 AM",3.8 oz.,1.4 2.4
"9/20/17, 7:00 AM",4.8 oz.,1.3 3.5
"9/20/17, 9:39 AM",2 oz.,0.9 1.1
"9/20/17, 10:30 AM",1.5 oz.,
"9/20/17, 12:45 PM",1.7 oz.,0.6 1.1
"9/20/17, 4:15 PM",1.3 oz.,0.5 0.8
"9/20/17, 6:00 PM",.5 oz.,
"9/20/17, 8:20 PM",2.8 oz.,1 1.8
"9/21/17, 1:18 AM",2.7 oz.,After nursing. 0.7 2
"9/21/17, 7:00 AM",5.4 oz.,2.2 3.2
"9/21/17, 10:10 AM",3.15 oz.,"7:50 0.25 0.5
9:00 0.5 0.9
10:10 0.4 0.6"
"9/21/17, 12:42 PM",1.8 oz.,0.5 1.3
"9/21/17, 3:40 PM",1.6 oz.,0.2 1.4
"9/21/17, 4:40 PM",1.4 oz.,
"9/21/17, 6:40 PM",2 oz.,0.7 1.3
"9/21/17, 9:12 PM",2.8 oz.,"0.75 1.7
1 1.8"
"9/22/17, 12:27 AM",4.05 oz.,"1 1.8
1.5 2.55"
"9/22/17, 7:40 AM",4.9 oz.,1 3.9
"9/22/17, 9:40 AM",2.4 oz.,
"9/22/17, 11:30 AM",1.7 oz.,
"9/22/17, 12:30 PM",1 oz.,0.25 0.75
"9/22/17, 1:35 PM",.9 oz.,0.3 0.6
"9/22/17, 5:03 PM",1.6 oz.,0.4 1.2 after feeding
"9/22/17, 7:10 PM",2.05 oz.,0.75 1.3
"9/22/17, 9:30 PM",2.9 oz.,"0.9 1.8
1 1.9"
"9/23/17, 1:29 AM",2.25 oz.,0.25 2
"9/23/17, 6:51 AM",4 oz.,1.2 2.9
"9/23/17, 8:50 AM",2.7 oz.,1 1.7
"9/23/17, 10:01 AM",.75 oz.,0.25 0.5
"9/23/17, 12:00 PM",2 oz.,0.7 1.3
"9/23/17, 1:45 PM",1.8 oz.,
"9/23/17, 4:00 PM",2.2 oz.,0.8 1.4
"9/23/17, 6:00 PM",1 oz.,0.5 0.5
"9/23/17, 8:00 PM",1.9 oz.,"0.5 0.8
0.6 1
0.8 1.1"
"9/24/17, 1:10 AM",3 oz.,0.25 2.8
"9/24/17, 7:24 AM",4 oz.,
"9/24/17, 9:00 AM",2.3 oz.,0.8 1.5
"9/24/17, 11:00 AM",1.8 oz.,
"9/24/17, 1:05 PM",2.3 oz.,0.9 1.4
"9/24/17, 3:10 PM",1.9 oz.,0.8 1.1
"9/24/17, 5:20 PM",2.5 oz.,0.9 1.6
"9/24/17, 7:10 PM",1.8 oz.,0.7 1.1
"9/24/17, 9:15 PM",2 oz.,0.8 1.2
"9/25/17, 1:29 AM",3.9 oz.,1.5 2.4
"9/25/17, 6:30 AM",2.7 oz.,0.8 1.9
"9/25/17, 8:15 AM",1.9 oz.,0.7 1.2
"9/25/17, 10:15 AM",2 oz.,0.7 1.3
"9/25/17, 11:15 AM",.65 oz.,0.25 0.4
"9/25/17, 12:06 PM",1 oz.,0.5 0.5
"9/25/17, 1:50 PM",1.7 oz.,0.7 1
"9/25/17, 4:10 PM",.75 oz.,0.25 0.5
"9/25/17, 5:25 PM",1.6 oz.,0.6 1
"9/25/17, 7:20 PM",2 oz.,0.75 1.25
"9/25/17, 9:00 PM",1.5 oz.,0.5 1
"9/26/17, 1:18 AM",2.8 oz.,0.5 2.3
"9/26/17, 6:50 AM",2.9 oz.,0.9 1
"9/26/17, 10:35 AM",.9 oz.,0.5 0.4
"9/26/17, 11:38 AM",1.1 oz.,0.4 0.7
"9/26/17, 3:15 PM",1 oz.,0.25 0.75
"9/26/17, 5:10 PM",.65 oz.,0.25 0.4
"9/26/17, 7:50 PM",.75 oz.,0.25 0.5
"9/26/17, 9:15 PM",1.6 oz.,0.6 1
"9/27/17, 1:13 AM",3.5 oz.,2.5 1
"9/27/17, 6:51 AM",3.8 oz.,1 2.8
"9/27/17, 11:10 AM",1.25 oz.,0.25 1
"9/27/17, 11:45 AM",.75 oz.,0.25 0.5
"9/27/17, 2:50 PM",1.25 oz.,0..25 1
"9/27/17, 6:00 PM",1 oz.,0.25 0.75
"9/27/17, 9:31 PM",2.1 oz.,0.8 1.3
"9/28/17, 1:50 AM",2.4 oz.,0.5 1.9
"9/28/17, 7:10 AM",5.4 oz.,1.6 3.8
"9/28/17, 10:00 AM",.5 oz.,0.25 0.25
"9/28/17, 10:24 AM",1.25 oz.,0.5 0.75
"9/28/17, 4:00 PM",1.6 oz.,0.6 1
"9/28/17, 6:05 PM",.85 oz.,0.25 0.6
"9/28/17, 8:54 PM",2.3 oz.,0.8 1.5
"9/29/17, 1:17 AM",4.4 oz.,1.6 2.8
"9/29/17, 8:00 AM",2.2 oz.,0.4 1.8
"9/29/17, 10:50 AM",1.4 oz.,0.6 0.8
"9/29/17, 3:43 PM",1.05 oz.,0.25 0.8
"9/29/17, 7:15 PM",1.2 oz.,0.25 0.9
"9/29/17, 8:01 PM",1.15 oz.,0.4 0.75
"9/29/17, 9:00 PM",1.25 oz.,0.35 0.9
"9/30/17, 1:00 AM",4.4 oz.,1.6 2.8
"9/30/17, 7:15 AM",4.4 oz.,0.7 3.7
"9/30/17, 9:45 AM",2.3 oz.,0.9 1.4
"9/30/17, 7:34 PM",1.75 oz.,1.1 0.6
"9/30/17, 9:30 PM",2.1 oz.,0.7 1.4
"10/1/17, 1:17 AM",3.9 oz.,1.4 2.5
"10/1/17, 7:52 AM",5.1 oz.,1 4.1
"10/1/17, 8:45 AM",1 oz.,0.25 0.75
"10/1/17, 7:10 PM",.75 oz.,0.5 0.25
"10/1/17, 9:00 PM",3 oz.,1.2 1.8
"10/2/17, 1:13 AM",3.35 oz.,1.25 2.1
"10/2/17, 6:25 AM",3.2 oz.,0.5 2.7
"10/2/17, 7:24 AM",1.2 oz.,0.4 0.8
"10/2/17, 10:15 AM",.7 oz.,0.2 0.5
"10/2/17, 11:44 AM",.4 oz.,
"10/2/17, 6:15 PM",.6 oz.,0.2 0.4
"10/2/17, 8:25 PM",2.3 oz.,0.5 1.8
"10/2/17, 9:20 PM",1.1 oz.,0.4 0.7
"10/3/17, 1:18 AM",2.9 oz.,0.2 2.7
"10/3/17, 7:12 AM",3.2 oz.,"0.7 1.9
1 2.2"
"10/3/17, 8:26 AM",1.25 oz.,0.5 0.75
"10/3/17, 5:10 PM",2.1 oz.,0.6 1.5
"10/3/17, 7:41 PM",1.1 oz.,0.3 0.8
"10/3/17, 8:45 PM",2.1 oz.,
"10/4/17, 1:19 AM",4.1 oz.,1.5 2.6
"10/4/17, 7:25 AM",2.8 oz.,0.7 2.1
"10/4/17, 8:15 AM",.75 oz.,0.25 0.5
"10/4/17, 7:10 PM",2.2 oz.,1.1 1.1
"10/4/17, 8:45 PM",2.1 oz.,0.8 1.3
"10/5/17, 1:11 AM",4.1 oz.,1.6 2.5
"10/5/17, 6:50 AM",3.6 oz.,0.4 3.2
"10/5/17, 6:50 PM",.8 oz.,0.4 0.4
"10/5/17, 9:25 PM",2.5 oz.,1 1.5
"10/6/17, 1:23 AM",4.2 oz.,1.6 2.6
"10/6/17, 6:37 AM",3.6 oz.,0.6 3
"10/6/17, 3:22 PM",.65 oz.,0.4 0.25
"10/6/17, 7:15 PM",.3 oz.,0.1 0.2
"10/6/17, 8:36 PM",1.8 oz.,0.7 1.1
"10/7/17, 1:22 AM",2.9 oz.,0.3 2.6
"10/7/17, 7:41 AM",2.9 oz.,0.7 2.2
"10/7/17, 2:10 PM",1.8 oz.,1.4 0.4
"10/7/17, 6:55 PM",1.3 oz.,0.6 0.7
"10/7/17, 8:20 PM",1.7 oz.,0.7 1
"10/8/17, 12:50 AM",4.65 oz.,1.75 2.9
"10/8/17, 8:00 AM",4.25 oz.,0.75 3.5
"10/8/17, 7:10 PM",1 oz.,0.5 0.5
"10/8/17, 8:45 PM",2 oz.,0.75 1.25
"10/9/17, 12:55 AM",3.9 oz.,1.4 2.5
"10/9/17, 7:00 AM",3.15 oz.,0.25 2.8
"10/9/17, 6:41 PM",1 oz.,0.2 0.8
"10/9/17, 8:45 PM",3.1 oz.,1.1 2
"10/10/17, 1:09 AM",3.7 oz.,1.2 2.5
"10/10/17, 6:40 AM",2.5 oz.,0.7 1.8
"10/10/17, 4:30 PM",.5 oz.,0.25 0.25
"10/10/17, 9:21 PM",3 oz.,1 2
"10/11/17, 12:50 AM",3.9 oz.,1.4 2.5
"10/11/17, 9:00 AM",2.25 oz.,"0.25 2
"
"10/11/17, 2:45 PM",1.65 oz.,0.25 1.4
"10/11/17, 6:46 PM",.75 oz.,
"10/11/17, 8:35 PM",2.8 oz.,1 1.8
"10/12/17, 1:16 AM",4.4 oz.,1.6 2.8
"10/12/17, 8:00 AM",4.75 oz.,0.75 4
"10/12/17, 4:00 PM",.6 oz.,
"10/12/17, 6:00 PM",.7 oz.,
"10/12/17, 9:30 PM",3.1 oz.,0.4 2.7
"10/13/17, 12:50 AM",3.9 oz.,1.2 2.7
"10/13/17, 6:35 AM",5.35 oz.,1.75 3.6
"10/13/17, 3:35 PM",.7 oz.,
"10/13/17, 8:45 PM",3.3 oz.,1.1 2.2
"10/14/17, 12:50 AM",4 oz.,1.5 2.5
"10/14/17, 9:22 AM",3.6 oz.,1.3 2.3
"10/14/17, 7:45 PM",1.65 oz.,0.25 1.4
"10/14/17, 9:15 PM",2.8 oz.,PP3:1 1.8
"10/15/17, 9:06 AM",2.2 oz.,0.7 1.5
"10/15/17, 4:50 PM",.6 oz.,0.1 0.5
"10/15/17, 6:50 PM",2.3 oz.,0.2 2.1
"10/15/17, 9:52 PM",3.5 oz.,1 2.5
"10/16/17, 1:00 AM",4 oz.,1.5 2.5
"10/16/17, 9:36 AM",2.5 oz.,0.5 2
"10/16/17, 3:15 PM",1.7 oz.,.2 1.5
"10/16/17, 7:30 PM",1.2 oz.,
"10/16/17, 8:21 PM",1.2 oz.,0.4 0.8
"10/16/17, 9:16 PM",1.5 oz.,
"10/17/17, 1:55 AM",4.75 oz.,1.75 3
"10/17/17, 8:00 AM",2.5 oz.,
"10/17/17, 7:00 PM",1.75 oz.,0.25 1.5
"10/17/17, 9:20 PM",2.8 oz.,0.9 1.9
"10/18/17, 1:50 AM",4.8 oz.,1.8 3
"10/18/17, 8:35 AM",1.5 oz.,0.3 1.2
"10/18/17, 7:24 PM",1.9 oz.,0.4 1.5
"10/18/17, 9:00 PM",2.4 oz.,
"10/19/17, 2:00 AM",4.3 oz.,1.3 3
"10/19/17, 9:30 AM",3.2 oz.,
"10/19/17, 9:45 PM",2.8 oz.,0.9 1.9
"10/20/17, 2:17 AM",4.6 oz.,1.7 2.9
"10/20/17, 8:00 AM",4.3 oz.,0.4 3.9
"10/20/17, 8:48 PM",1.9 oz.,0.7 1.2
"10/21/17, 2:00 AM",3.2 oz.,1.2 2
"10/21/17, 8:00 AM",3.2 oz.,
"10/21/17, 8:45 PM",3.1 oz.,0.9 2.2
"10/22/17, 2:07 AM",5.7 oz.,2 3.7
"10/22/17, 8:05 AM",3.7 oz.,0.7 3
"10/22/17, 9:20 PM",2.5 oz.,
"10/23/17, 2:19 AM",5.2 oz.,1.9 3.3
"10/23/17, 8:15 AM",3.7 oz.,0.8 2.9
"10/23/17, 9:00 PM",1.25 oz.,0.4 0.85
"10/24/17, 2:14 AM",5.8 oz.,2.3 3.5
"10/24/17, 8:30 AM",2.2 oz.,0.4 1.8
"10/24/17, 9:25 PM",2.6 oz.,1.3 1.3
"10/25/17, 1:49 AM",4.1 oz.,2 2.1
"10/25/17, 8:00 AM",3 oz.,1.8 1.2
"10/26/17, 2:16 AM",4.6 oz.,1.8 2.8
"10/26/17, 8:00 AM",3 oz.,
"10/26/17, 9:00 PM",1.6 oz.,0.6 1
"10/27/17, 2:04 AM",1.25 oz.,0.25 1
"10/27/17, 7:02 AM",3.3 oz.,0.4 2.9
"10/27/17, 9:16 PM",2.8 oz.,1 1.8
"10/28/17, 2:00 AM",5.3 oz.,2.1 3.2
"10/28/17, 8:02 AM",2.8 oz.,1 1.8
"10/28/17, 12:09 PM",4.3 oz.,1.8 2.5
"10/28/17, 3:30 PM",3.2 oz.,1.1 2.1
"10/28/17, 9:11 PM",1.7 oz.,0.7 1
"10/29/17, 2:15 AM",4.25 oz.,1.75 2.5
"10/29/17, 8:30 AM",1.5 oz.,
"10/29/17, 8:51 PM",3.2 oz.,1.2 2
"10/30/17, 2:24 AM",2.25 oz.,0.25 2
"10/30/17, 8:30 AM",4.1 oz.,1 3.1
"10/30/17, 9:48 PM",3 oz.,1 2
"10/31/17, 2:19 AM",4.8 oz.,1.8 3
"10/31/17, 7:45 AM",1.4 oz.,0.4 1
"10/31/17, 9:15 PM",3 oz.,1 2
"11/1/17, 1:29 AM",1.2 oz.,1 0.2
"11/1/17, 9:00 AM",5.8 oz.,1.3 4.5
"11/1/17, 12:29 PM",3.75 oz.,1.25 2.5
"11/1/17, 3:20 PM",3.4 oz.,1.4 2
"11/2/17, 8:00 AM",3.1 oz.,1 2.1
"11/2/17, 9:00 AM",1 oz.,0.5 0.5
"11/2/17, 12:20 PM",3.8 oz.,1.6 2.2
"11/2/17, 3:16 PM",3.4 oz.,1.4 2
"11/2/17, 5:03 PM",3.5 oz.,1 2.5
"11/2/17, 9:20 PM",2.8 oz.,0.8 2
"11/3/17, 2:15 AM",5.2 oz.,2 3.2
"11/3/17, 8:00 AM",3.75 oz.,0.75 3
"11/3/17, 12:35 PM",5 oz.,2 3
"11/3/17, 3:00 PM",2.6 oz.,1 1.6
"11/3/17, 5:01 PM",2.5 oz.,1 1.5
"11/3/17, 9:09 PM",2.5 oz.,0.8 1.7
"11/4/17, 1:30 AM",1.5 oz.,0.5 1
"11/4/17, 9:00 AM",3 oz.,1 2
"11/4/17, 9:00 PM",2.6 oz.,1.1 1.5
"11/5/17, 1:00 AM",2.65 oz.,0.75 1.9
"11/5/17, 7:25 AM",3 oz.,1 2
"11/5/17, 8:14 PM",2 oz.,0.7 1.3
"11/6/17, 1:50 AM",2.4 oz.,0.5 1.9
"11/6/17, 8:00 AM",3.5 oz.,1 2.5
"11/6/17, 12:00 PM",5.2 oz.,1.7 3.5
"11/6/17, 3:23 PM",4.9 oz.,2 2.9
"11/6/17, 5:08 PM",2.5 oz.,
"11/6/17, 9:00 PM",1.7 oz.,0.7 1
"11/7/17, 2:00 AM",5.6 oz.,2.3 3.3
"11/7/17, 8:00 AM",3.8 oz.,1.5 2.3
"11/7/17, 12:38 PM",5.2 oz.,2.1 3.1
"11/7/17, 6:05 PM",2.3 oz.,0.8 1.5
"11/7/17, 10:04 PM",2.8 oz.,1 1.8
"11/8/17, 2:00 AM",3.2 oz.,0.4 2.8
"11/8/17, 8:00 AM",2.3 oz.,1 1.3
"11/8/17, 12:29 PM",4.5 oz.,2 2.5
"11/8/17, 3:25 PM",3.3 oz.,1.5 1.8
"11/8/17, 5:00 PM",2.8 oz.,1.3 1.5
"11/8/17, 9:00 PM",2.8 oz.,plugged duct in R
"11/9/17, 2:39 AM",2 oz.,1.5 0.5 - plugged duct in R
"11/9/17, 7:30 AM",2.5 oz.,1.5 1
"11/9/17, 8:55 AM",1.6 oz.,0.8 x2
"11/9/17, 12:15 PM",3.7 oz.,1.6 2.1
"11/9/17, 3:18 PM",3.2 oz.,1.3 1.9
"11/9/17, 5:00 PM",2 oz.,"1 1, dropped the R bottle"
"11/9/17, 9:15 PM",3.1 oz.,
"11/10/17, 1:10 AM",1.5 oz.,
"11/10/17, 8:00 AM",4 oz.,2 2
"11/10/17, 12:00 PM",4.5 oz.,2 2.5
"11/10/17, 3:26 PM",3.4 oz.,1.4 2
"11/10/17, 5:21 PM",1.7 oz.,0.7 1
"11/10/17, 9:00 PM",1.5 oz.,
"11/11/17, 1:20 AM",1.3 oz.,0.3 1
"11/11/17, 8:24 AM",4.3 oz.,1 3.3
"11/11/17, 9:00 PM",2.6 oz.,1 1.6
"11/12/17, 2:00 AM",5.7 oz.,2.2 3.5
"11/12/17, 9:14 PM",3 oz.,1 2
"11/13/17, 2:00 AM",5.7 oz.,2.2 3.5
"11/13/17, 9:00 AM",4.5 oz.,1.5 3
"11/13/17, 11:44 AM",4.8 oz.,2 2.8
"11/13/17, 3:26 PM",4 oz.,1.5 2.5
"11/13/17, 7:47 PM",2.1 oz.,0.3 1.8
"11/13/17, 9:00 PM",1.7 oz.,0.3 1.4
"11/14/17, 2:12 AM",5.7 oz.,2.2 3.5
"11/14/17, 8:10 AM",4 oz.,0.8 3.2
"11/14/17, 12:00 PM",5.5 oz.,2 3.5
"11/14/17, 3:22 PM",3.4 oz.,1.2 2.2
"11/14/17, 7:30 PM",1.3 oz.,0.3 0.8
"11/14/17, 9:00 PM",2.25 oz.,0.75 1.5
"11/15/17, 8:00 AM",4.5 oz.,0.5 4
"11/15/17, 12:20 PM",6 oz.,2 4
"11/15/17, 3:00 PM",3.5 oz.,1.5 2
"11/15/17, 8:00 PM",3 oz.,1 2
"11/15/17, 9:39 PM",1.75 oz.,
"11/16/17, 1:40 AM",2.3 oz.,0.3 2
"11/16/17, 8:00 AM",4.5 oz.,1.5 3
"11/16/17, 12:02 PM",6 oz.,2 4
"11/16/17, 3:00 PM",3.5 oz.,1.5 2
"11/16/17, 9:23 PM",4 oz.,1.7 2.3
"11/17/17, 8:07 AM",6.4 oz.,2.8 3.8
"11/17/17, 12:02 PM",5 oz.,2 3
"11/17/17, 3:27 PM",3.5 oz.,1.5 2
"11/18/17, 9:15 AM",6 oz.,2 4
"11/18/17, 7:30 PM",1 oz.,0.5 0.5
"11/19/17, 8:30 PM",1.5 oz.,0.5 1
"11/20/17, 6:15 AM",3.7 oz.,2.2 1.5
"11/20/17, 9:04 PM",2.5 oz.,1 1.5
"11/21/17, 7:50 AM",2 oz.,
"11/21/17, 1:35 PM",3 oz.,1 2
"11/21/17, 8:30 PM",2 oz.,1 1
"11/22/17, 8:16 AM",1.5 oz.,1 1.5
"11/22/17, 8:30 PM",1.5 oz.,0.5 1
"11/23/17, 6:15 AM",2.5 oz.,1 1.5
"11/23/17, 8:30 AM",2.5 oz.,
"11/23/17, 11:00 AM",2.5 oz.,
"11/23/17, 8:30 PM",1.5 oz.,0.5 1
"11/24/17, 9:00 AM",4.6 oz.,1.8 2.8
"11/24/17, 8:53 PM",2.2 oz.,1 1.2
"11/25/17, 10:00 AM",2.5 oz.,1 1.5
"11/26/17, 10:30 AM",5 oz.,2 3
"11/26/17, 8:30 PM",1.5 oz.,1 0.5
"11/27/17, 10:00 AM",3.5 oz.,1.5 2
"11/27/17, 8:20 PM",1.5 oz.,1 0.5
"11/28/17, 9:00 AM",6 oz.,2.5 3.5
"11/28/17, 12:00 PM",3 oz.,
"11/28/17, 3:00 PM",4.3 oz.,1.3 3
"11/28/17, 8:15 PM",3.8 oz.,0.8 3
"11/29/17, 8:00 AM",6.5 oz.,2.5 4
"11/29/17, 12:29 PM",5.6 oz.,1.8 3.8
"11/29/17, 3:00 PM",3.5 oz.,1.5 2
"11/29/17, 8:30 PM",2.25 oz.,0.75 1.5
"11/30/17, 8:05 AM",4.5 oz.,1.5 3
"11/30/17, 12:00 PM",5 oz.,2 3
"11/30/17, 3:01 PM",3.3 oz.,1.5 1.8
"11/30/17, 8:33 PM",2.7 oz.,1.2 1.5
"12/1/17, 12:00 PM",4.5 oz.,1.7 2.8
"12/1/17, 3:00 PM",3.4 oz.,1.5 1.9
"12/1/17, 5:03 PM",2 oz.,1 1
"12/1/17, 10:30 PM",5.2 oz.,2.2 3
"12/2/17, 8:27 AM",5.5 oz.,
"12/2/17, 9:29 PM",3.5 oz.,1.5 2
"12/3/17, 8:45 AM",1 oz.,0.3 0.7
"12/4/17, 8:00 AM",5 oz.,2.2 2.8
"12/4/17, 12:00 PM",4.8 oz.,2 2.8
"12/4/17, 3:00 PM",3.9 oz.,1.4 2.5
"12/4/17, 9:00 PM",3 oz.
"12/5/17, 8:30 AM",4.5 oz.,1.5 3
"12/5/17, 12:31 PM",5 oz.,2 3
"12/5/17, 3:32 PM",3.5 oz.,1.5 2
"12/5/17, 10:00 PM",3 oz.,1 2
"12/6/17, 8:00 AM",4.5 oz.,0.5 4
"12/6/17, 12:00 PM",4.5 oz.,1.7 2.8
"12/6/17, 3:00 PM",3 oz.
"12/6/17, 8:30 PM",3 oz.,1 2
"12/7/17, 8:00 AM",2.1 oz.,0.4 1.7
"12/7/17, 12:00 PM",6.3 oz.,2 4.3
"12/7/17, 3:00 PM",3.5 oz.
"12/7/17, 9:00 PM",2 oz.,1 1
"12/8/17, 8:00 AM",7.3 oz.,3 4.3
"12/8/17, 12:30 PM",5 oz.,2 3
"12/8/17, 5:00 PM",4 oz.,2 2
"12/8/17, 9:20 PM",3 oz.
"12/9/17, 8:00 AM",8.5 oz.,3.5 8
"12/9/17, 9:36 PM",2 oz.,1 1
"12/10/17, 8:47 AM",5 oz.,2.5 x2
"12/10/17, 9:00 PM",3 oz.,1 2
"12/11/17, 8:12 AM",6.5 oz.,2.5 4
"12/11/17, 12:00 PM",4.5 oz.,2 2.5
"12/11/17, 3:00 PM",3.8 oz.,1.8 2
"12/11/17, 8:46 PM",4.25 oz.,1.25 3
"12/12/17, 8:02 AM",5.5 oz.,3 2.5
"12/12/17, 12:20 PM",5 oz.,2 3
"12/12/17, 3:00 PM",3.5 oz.,1.5 2
"12/12/17, 7:10 PM",4.5 oz.,2 2.5
"12/12/17, 9:29 PM",2.5 oz.,1 1.5
"12/13/17, 9:20 AM",3.4 oz.,1.4 2
"12/13/17, 12:01 PM",4 oz.,1.5 2.5
"12/13/17, 3:50 PM",4.25 oz.,1.75 2.5
"12/13/17, 7:17 PM",4.5 oz.,2 2.5
"12/13/17, 9:48 PM",3 oz.,1 2
"12/14/17, 8:15 AM",4.8 oz.,1.8 3
"12/14/17, 12:35 PM",5 oz.,2 3
"12/14/17, 3:06 PM",3.25 oz.,1.25 2
"12/14/17, 9:40 PM",3 oz.,1 2
"12/15/17, 8:02 AM",6.5 oz.,2.5 4
"12/15/17, 11:30 AM",4.5 oz.,2 2.5
"12/15/17, 3:00 PM",4.4 oz.
"12/15/17, 9:01 PM",4.4 oz.,1.4 3
"12/16/17, 9:16 AM",3 oz.
"12/16/17, 9:00 PM",2.7 oz.
"12/17/17, 8:15 AM",3.75 oz.,0.75 3
"12/17/17, 9:02 PM",1.5 oz.,0.5 1
"12/18/17, 8:02 AM",4 oz.,2 2
"12/18/17, 12:00 PM",4.5 oz.,2 2.5
"12/18/17, 3:00 PM",4 oz.,1.75 2.25
"12/18/17, 8:57 PM",4 oz.
"12/19/17, 8:10 AM",3.5 oz.,0.5 3
"12/19/17, 12:00 PM",4.3 oz.,2 2.3
"12/19/17, 3:17 PM",3 oz.
"12/19/17, 9:05 PM",3 oz.,1 2
"12/20/17, 3:08 PM",7 oz.,3 4
"12/20/17, 10:02 PM",3 oz.
"12/21/17, 8:45 AM",4.5 oz.,1 3.5
"12/21/17, 12:10 PM",4.5 oz.,2 2.5
"12/21/17, 3:00 PM",2.75 oz.,1.25 1.5
"12/21/17, 7:00 PM",4 oz.
"12/21/17, 9:33 PM",2.5 oz.
"12/22/17, 8:17 AM",3 oz.,1.5 1.5
"12/22/17, 12:28 PM",5.3 oz.,2.5 2.8
"12/22/17, 3:00 PM",3.4 oz.,1.5 1.9
"12/22/17, 9:16 PM",3 oz.
"12/23/17, 7:37 AM",4 oz.,2.5 1.5
"12/23/17, 9:01 PM",2 oz.
"12/24/17, 8:31 AM",.5 oz.
"12/24/17, 9:28 PM",3 oz.,1.5 1.5
"12/25/17, 7:41 AM",7 oz.,4 3
"12/25/17, 9:00 PM",3.2 oz.,1.2 2
"12/26/17, 9:38 AM",3.5 oz.,1.25 2.25
"12/26/17, 11:30 AM",3.5 oz.,1.5 2
"12/26/17, 4:30 PM",5.5 oz.,2.5 3
"12/27/17, 7:18 AM",2 oz.,0.5 1.5
"12/27/17, 9:02 PM",3.2 oz.,1.2 2
"12/28/17, 10:18 AM",4.5 oz.,1.5 3
"12/28/17, 12:30 PM",4 oz.
"12/28/17, 3:00 PM",3.3 oz.,1.5 1.8
"12/28/17, 9:00 PM",3 oz.,1.25 1.75
"12/29/17, 8:40 AM",5.5 oz.
"12/29/17, 12:00 PM",4.5 oz.,2 2.5
"12/29/17, 9:00 PM",3.75 oz.,1.25 2.5
"12/30/17, 8:00 AM",3 oz.,0.5 2.5
"12/30/17, 8:36 PM",1.75 oz.
"12/31/17, 8:00 AM",6 oz.,2 4
"12/31/17, 9:00 PM",2 oz.,1 1
"1/1/18, 9:06 AM",4 oz.,1 3
"1/1/18, 9:09 PM",1.25 oz.,0.75 0.5
"1/2/18, 9:00 AM",7.5 oz.,3 4.5
"1/2/18, 12:00 PM",4 oz.
"1/2/18, 3:00 PM",3.3 oz.,1.5 1.8
"1/2/18, 9:00 PM",3.2 oz.,2 1.2
"1/3/18, 8:00 AM",5.3 oz.,2.5 2.8
"1/3/18, 12:00 PM",4 oz.,2 2
"1/3/18, 3:00 PM",3.5 oz.
"1/3/18, 5:00 PM",2.5 oz.
"1/3/18, 9:00 PM",4 oz.,2 2
"1/4/18, 8:15 AM",6 oz.,2 4
"1/4/18, 12:30 PM",6 oz.,2 4
"1/4/18, 3:00 PM",2.8 oz.,1.3 1.5
"1/4/18, 8:22 PM",2.8 oz.,1 1.8
"1/5/18, 8:48 AM",6.5 oz.,3 3.5
"1/5/18, 12:00 PM",4 oz.
"1/5/18, 3:00 PM",2 oz.
"1/6/18, 7:40 AM",6.5 oz.,2.5 4
"1/6/18, 9:35 PM",3.3 oz.,1.8 1.5
"1/7/18, 8:30 AM",1.5 oz.
"1/7/18, 9:30 PM",2.8 oz.,1.3 1.5
"1/8/18, 8:30 AM",.5 oz.,Very little
"1/8/18, 12:10 PM",5 oz.,2 3
"1/8/18, 3:29 PM",3.3 oz.,1.5 1.8
"1/8/18, 8:35 PM",3 oz.,0.5 2.5
"1/9/18, 7:26 AM",1.5 oz.,0.5 1
"1/9/18, 11:15 AM",3.5 oz.
"1/9/18, 3:00 PM",5 oz.,2.5 2.5
"1/9/18, 9:00 PM",1.7 oz.
"1/10/18, 8:30 AM",4.5 oz.,1 3.5
"1/10/18, 12:00 PM",4 oz.,2 2
"1/10/18, 3:00 PM",3.1 oz.,1.5 1.6
"1/10/18, 9:00 PM",3.1 oz.,1.1 2
"1/11/18, 8:10 AM",5 oz.,1.5 3.5
"1/11/18, 12:00 PM",4.5 oz.
"1/11/18, 3:06 PM",3 oz.
"1/11/18, 10:12 PM",3 oz.,1 2
"1/12/18, 8:25 AM",4.5 oz.
"1/12/18, 12:08 PM",3.5 oz.,1.5 2
"1/12/18, 3:00 PM",3 oz.
"1/12/18, 9:00 PM",3 oz.,1 2
"1/13/18, 6:30 AM",2 oz.,2
"1/13/18, 9:00 PM",3.5 oz.,1.5 2
"1/14/18, 8:00 AM",.5 oz.
"1/14/18, 8:30 PM",2 oz.,1 1
"1/15/18, 8:30 AM",.5 oz.
"1/15/18, 1:30 PM",3 oz.,1.5 1.5
"1/15/18, 3:30 PM",3 oz.
"1/15/18, 8:30 PM",2.8 oz.,1 1.8
"1/16/18, 8:38 AM",4 oz.,1 3
"1/16/18, 2:31 PM",4.5 oz.,1.5 3
"1/17/18, 8:30 AM",5 oz.,1.5 3.5
"1/17/18, 12:04 PM",3.5 oz.,1.5 2
"1/17/18, 3:27 PM",3.5 oz.,1.5 2
"1/17/18, 8:30 PM",2 oz.
"1/18/18, 10:00 AM",3.5 oz.
"1/18/18, 12:05 PM",3.5 oz.,1.5 2
"1/18/18, 3:00 PM",3.5 oz.,1.5 2
"1/18/18, 9:00 PM",2 oz.
"1/19/18, 8:30 AM",5 oz.,2 3
"1/19/18, 12:00 PM",4.5 oz.,2 2.5
"1/19/18, 7:30 PM",3.5 oz.,0.5 3
"1/19/18, 9:00 PM",3 oz.
"1/20/18, 9:05 AM",1 oz.
"1/20/18, 9:00 PM",3 oz.
"1/21/18, 7:49 AM",5 oz.
"1/21/18, 9:00 PM",3.5 oz.,1 2.5
"1/22/18, 8:30 AM",1 oz.,0.25 0.75
"1/22/18, 12:00 PM",8.5 oz.,3.5 5
"1/22/18, 4:00 PM",4 oz.
"1/22/18, 9:00 PM",3 oz.,1 2
"1/23/18, 8:20 AM",5.5 oz.,2 3.5
"1/23/18, 12:30 PM",6.5 oz.,2.5 4
"1/23/18, 3:00 PM",3.5 oz.,1.5 2
"1/23/18, 8:30 PM",3.5 oz.,1 2.5
"1/24/18, 8:10 AM",6.5 oz.,1.5 5
"1/24/18, 12:10 PM",5 oz.,2 3
"1/24/18, 3:15 PM",3.5 oz.,1.5 2
"1/24/18, 9:05 PM",3 oz.
"1/25/18, 8:30 AM",4 oz.,2 2
"1/25/18, 12:11 PM",4.5 oz.
"1/25/18, 3:11 PM",3 oz.,1.5 1.5
"1/25/18, 8:56 PM",2 oz.
"1/26/18, 8:25 AM",3 oz.
"1/26/18, 12:00 PM",4.5 oz.,2 2.5
"1/26/18, 3:20 PM",3.5 oz.,1.5 2
"1/26/18, 9:00 PM",3 oz.
"1/27/18, 8:19 AM",3 oz.
"1/27/18, 9:00 PM",4.5 oz.,1.5 3
"1/28/18, 9:16 AM",1 oz.
"1/28/18, 9:43 PM",3.5 oz.,1.5 2
"1/29/18, 8:16 AM",2 oz.,1.5 0.5
"1/29/18, 12:14 PM",8.5 oz.,4 4.5
"1/29/18, 3:00 PM",3.5 oz.,1.5 2
"1/29/18, 9:00 PM",2.5 oz.,1 1.5
"1/30/18, 8:31 AM",1 oz.
"1/30/18, 9:00 PM",2 oz.,1 1
"1/31/18, 9:40 AM",2.5 oz.,1 1.5
"1/31/18, 12:06 PM",4 oz.,1.5 2.5
"1/31/18, 3:01 PM",3 oz.,1.5 1.5
"1/31/18, 8:58 PM",5.5 oz.,1 4.5
"2/1/18, 7:40 AM",4 oz.,2 2
"2/1/18, 12:10 PM",5 oz.
"2/1/18, 9:33 PM",6.8 oz.,2.8 4
"2/2/18, 8:14 AM",5 oz.,2 3
"2/2/18, 12:00 PM",5.5 oz.,2 3.5
"2/2/18, 8:30 PM",4.8 oz.,1.8 3
"2/3/18, 9:40 AM",6 oz.,2 4
"2/3/18, 9:32 PM",3.5 oz.,1.5 2
"2/4/18, 8:07 AM",2 oz.
"2/4/18, 9:08 PM",1.5 oz.
"2/5/18, 8:30 AM",1 oz.
"2/5/18, 12:00 PM",6.5 oz.,3 3.5
"2/5/18, 8:39 PM",3 oz.,1 2
"2/6/18, 12:30 PM",4.5 oz.,2.1 2.4
"2/6/18, 6:25 PM",5.2 oz.,2.8 2.4
"2/6/18, 9:00 PM",2.7 oz.,1.2 1.5
"2/7/18, 8:11 AM",2.5 oz.,1.5 0.5
"2/7/18, 12:06 PM",4.5 oz.,2.25 2.25
"2/7/18, 9:04 PM",3.5 oz.,2 1.5
"2/8/18, 8:00 AM",1 oz.
"2/8/18, 12:00 PM",6.5 oz.,2.5 4
"2/8/18, 9:00 PM",3 oz.,0.5 2.5
"2/9/18, 8:30 AM",3.5 oz.,1.5 2
"2/9/18, 12:00 PM",5 oz.,1.6 3.4
"2/9/18, 5:20 PM",6 oz.,3 3
"2/9/18, 9:07 PM",4 oz.,2 2
"2/10/18, 9:11 AM",3 oz.
"2/10/18, 9:30 PM",4 oz.,2 2
"2/11/18, 8:15 AM",.25 oz.
"2/11/18, 9:26 PM",1.8 oz.,1.3 0.5
"2/12/18, 8:26 AM",2 oz.
"2/12/18, 12:17 PM",6 oz.,2.5 3.5
"2/12/18, 9:00 PM",3.5 oz.,1.5 2
"2/13/18, 8:16 AM",3.5 oz.,1.5 2
"2/13/18, 12:00 PM",4 oz.,2 2
"2/13/18, 9:00 PM",2.5 oz.,1.5 1
"2/14/18, 8:00 AM",1 oz.
"2/14/18, 12:24 PM",4.5 oz.,2 2.5
"2/14/18, 9:01 PM",2.5 oz.,1.5 1
"2/15/18, 8:30 AM",.5 oz.
"2/15/18, 3:35 PM",6 oz.,2.5 3.5
"2/15/18, 9:00 PM",3.5 oz.,1.75 1.75
"2/16/18, 8:30 AM",4.5 oz.,1 3.5
"2/16/18, 12:02 PM",5 oz.,2 3
"2/16/18, 9:10 PM",4 oz.,0.5 3.5
"2/17/18, 6:30 AM",8.5 oz.,3.5 5
"2/17/18, 9:30 PM",4 oz.,2 2
"2/18/18, 8:02 AM",.5 oz.
"2/18/18, 9:02 PM",2 oz.,1 1
"2/20/18, 8:15 AM",4 oz.,2 2
"2/20/18, 12:00 PM",3.5 oz.,1.8 1.7
"2/20/18, 9:29 PM",5 oz.,2 3
"2/21/18, 8:00 AM",4.5 oz.
"2/21/18, 12:02 PM",4 oz.
"2/21/18, 6:14 PM",6.5 oz.,3 3.5
"2/21/18, 9:19 PM",2 oz.
"2/22/18, 8:36 AM",3 oz.,1.5 1.5
"2/22/18, 12:11 PM",4.5 oz.,2 2.5
"2/22/18, 9:07 PM",3.5 oz.,1.5 2
"2/23/18, 8:15 AM",3.5 oz.,1.5 2
"2/23/18, 12:16 PM",5.5 oz.,2 3.5
"2/23/18, 9:02 PM",2.75 oz.,1.75 1
"2/24/18, 7:50 AM",3 oz.,1.5 1.5
"2/25/18, 7:26 AM",.5 oz.
"2/25/18, 9:26 PM",3 oz.
"2/26/18, 12:06 PM",3.5 oz.,1.5 2
"2/26/18, 9:22 PM",3.5 oz.,1.5 2
"2/27/18, 11:06 PM",7 oz.,2.5 4.5
"2/28/18, 8:29 AM",2.5 oz.
"2/28/18, 12:00 PM",3 oz.
"2/28/18, 9:19 PM",3.5 oz.
"3/1/18, 8:07 AM",2 oz.
"3/1/18, 12:28 PM",4 oz.,1.5 2.5
"3/1/18, 9:01 PM",2 oz.
"3/2/18, 8:36 AM",2 oz.
"3/2/18, 12:00 PM",3.5 oz.
"3/2/18, 9:27 PM",4 oz.
"3/3/18, 7:22 AM",1 oz.
"3/3/18, 9:24 PM",3 oz.
"3/4/18, 8:03 AM",.5 oz.
"3/4/18, 9:21 PM",2 oz.
"3/5/18, 8:40 AM",.5 oz.
"3/5/18, 12:00 PM",4 oz.
"3/5/18, 9:06 PM",2.5 oz.
"3/6/18, 8:16 AM",1.5 oz.
"3/6/18, 12:00 PM",4 oz.
"3/6/18, 9:00 PM",3 oz.
"3/7/18, 8:30 AM",3.5 oz.,1.5 2
"3/7/18, 12:30 PM",3.5 oz.,1.5 2
"3/7/18, 9:30 PM",4.5 oz.
"3/8/18, 8:30 AM",2 oz.
"3/8/18, 12:30 PM",4 oz.
"3/8/18, 9:10 PM",3 oz.
"3/9/18, 8:30 AM",3 oz.
"3/9/18, 12:14 PM",4 oz.
"3/9/18, 9:00 PM",3 oz.
"3/10/18, 8:15 AM",1 oz.
"3/10/18, 9:00 PM",2 oz.
"3/11/18, 8:08 AM",1 oz.
"3/11/18, 9:00 AM",2 oz.
"3/12/18, 8:25 AM",1 oz.
"3/12/18, 12:29 PM",7 oz.
"3/12/18, 9:00 PM",2.5 oz.
"3/13/18, 8:38 AM",3 oz.
"3/13/18, 12:30 PM",4 oz.
"3/13/18, 9:21 PM",2 oz.
"3/14/18, 8:01 AM",2 oz.,0.5 1.5
"3/14/18, 12:52 PM",4.5 oz.,2 2.5
"3/14/18, 9:10 PM",2 oz.
"3/15/18, 8:30 AM",.5 oz.
"3/15/18, 12:30 PM",4 oz.
"3/15/18, 9:30 PM",4.5 oz.
"3/16/18, 8:26 AM",3.5 oz.
"3/16/18, 12:28 PM",4 oz.
"3/16/18, 9:20 PM",4.5 oz.
"3/17/18, 7:27 AM",.5 oz.
"3/17/18, 9:07 PM",3 oz.
"3/18/18, 9:27 PM",2 oz.
"3/20/18, 7:38 PM",4.5 oz.
"3/20/18, 9:39 PM",3.5 oz.
"3/21/18, 8:20 AM",2 oz.
"3/21/18, 12:32 PM",3.25 oz.
"3/21/18, 9:05 PM",4.5 oz.
"3/22/18, 12:30 PM",4.5 oz.
"3/22/18, 9:09 PM",3 oz.
"3/23/18, 8:40 AM",2 oz.
"3/23/18, 8:52 PM",3 oz.
"3/24/18, 9:10 PM",4 oz.
"3/25/18, 4:45 PM",3.5 oz.
"3/26/18, 8:36 AM",.5 oz.
"3/26/18, 12:09 PM",4 oz.
"3/26/18, 9:00 PM",3 oz.
"3/27/18, 8:00 AM",3 oz.
"3/27/18, 12:30 PM",4 oz.
"3/28/18, 8:10 AM",3.5 oz.
"3/28/18, 2:09 PM",4 oz.
"3/28/18, 7:07 PM",4 oz.
"3/29/18, 8:15 AM",3 oz.
"3/29/18, 12:30 PM",3.5 oz.
"3/29/18, 9:00 PM",2 oz.
"3/30/18, 7:56 AM",1 oz.
"3/30/18, 12:39 PM",5.5 oz.
"3/30/18, 9:05 PM",3.5 oz.
"4/1/18, 9:31 PM",.5 oz.
"4/2/18, 8:30 AM",1.5 oz.
"4/2/18, 12:31 PM",6.5 oz.,2.5 4
"4/2/18, 9:41 PM",3.25 oz.,1.25 2
"4/3/18, 8:30 AM",2 oz.
"4/3/18, 12:30 PM",3 oz.
"4/3/18, 9:01 PM",3.5 oz.
"4/4/18, 8:30 AM",2 oz.
"4/4/18, 12:31 PM",3 oz.
"4/4/18, 5:44 PM",5 oz.
"4/4/18, 9:00 PM",2.5 oz.
"4/5/18, 8:15 AM",2.5 oz.
"4/5/18, 12:19 PM",2.5 oz.
"4/5/18, 9:00 PM",3 oz.
"4/6/18, 8:30 AM",4.5 oz.
"4/6/18, 12:13 PM",3.75 oz.
"4/6/18, 9:00 PM",2 oz.
"4/7/18, 9:00 PM",3 oz.
"4/8/18, 9:10 PM",2.5 oz.
"4/9/18, 8:29 AM",.5 oz.
"4/9/18, 12:29 PM",6 oz.
"4/9/18, 9:02 PM",3 oz.
"4/10/18, 8:50 PM",2 oz.
"4/11/18, 12:16 AM",.5 oz.
"4/11/18, 8:15 AM",3 oz.
"4/11/18, 7:16 PM",7 oz.
"4/11/18, 9:00 PM",1.5 oz.
"4/12/18, 8:15 AM",4 oz.
"4/12/18, 12:30 PM",3.5 oz.
"4/12/18, 6:15 PM",5.5 oz.
"4/12/18, 9:10 PM",1.5 oz.
"4/13/18, 8:30 AM",2.75 oz.
"4/13/18, 12:33 PM",3 oz.
"4/13/18, 7:29 PM",5.5 oz.
"4/13/18, 9:30 PM",1.5 oz.
"4/14/18, 6:30 PM",3.5 oz.
"4/14/18, 9:02 PM",2 oz.
"4/16/18, 8:25 AM",4 oz.
"4/16/18, 12:12 PM",3 oz.
"4/16/18, 7:02 PM",1 oz.
"4/16/18, 9:00 PM",3 oz.
"4/17/18, 8:17 AM",3 oz.
"4/17/18, 12:10 PM",3 oz.
"4/17/18, 9:00 PM",3 oz.
"4/18/18, 8:13 AM",3 oz.
"4/18/18, 12:49 PM",4 oz.
"4/18/18, 5:49 PM",4.5 oz.
"4/18/18, 8:51 PM",2 oz.
"4/19/18, 8:15 AM",4 oz.
"4/19/18, 1:00 PM",3 oz.
"4/19/18, 6:00 PM",4 oz.
"4/19/18, 9:05 PM",3 oz.
"4/20/18, 8:30 AM",3 oz.
"4/20/18, 12:30 PM",4.5 oz.
"4/20/18, 5:43 PM",4.5 oz.
"4/20/18, 9:09 PM",3 oz.
"4/21/18, 7:10 PM",5 oz.
"4/21/18, 9:07 PM",2 oz.
"4/22/18, 9:00 PM",3.5 oz.
"4/23/18, 8:20 AM",2 oz.
"4/23/18, 12:20 PM",4 oz.
"4/23/18, 6:00 PM",3.5 oz.
"4/23/18, 9:10 PM",3 oz.
"4/24/18, 8:21 AM",3 oz.
"4/24/18, 12:00 PM",.5 oz.
"4/24/18, 5:43 PM",5 oz.
"4/24/18, 9:00 PM",2 oz.
"4/25/18, 8:43 AM",2 oz.
"4/25/18, 12:00 PM",3 oz.
"4/25/18, 5:40 PM",3.5 oz.
"4/25/18, 9:00 PM",2 oz.
"4/26/18, 8:30 AM",3.5 oz.
"4/26/18, 12:30 PM",2.5 oz.
"4/26/18, 7:15 PM",2 oz.
"4/26/18, 9:29 PM",4.5 oz.
"4/29/18, 8:50 PM",2.5 oz.
"4/30/18, 9:00 AM",.5 oz.
"4/30/18, 12:30 PM",3 oz.
"4/30/18, 5:57 PM",4.5 oz.
"4/30/18, 9:00 PM",2 oz.
"5/1/18, 8:29 AM",2 oz.
"5/1/18, 12:44 PM",2.5 oz.
"5/1/18, 6:01 PM",3 oz.
"5/1/18, 9:00 PM",2 oz.
"5/2/18, 8:48 AM",3 oz.
"5/2/18, 12:30 PM",2.5 oz.
"5/2/18, 5:30 PM",3 oz.
"5/2/18, 9:23 PM",2 oz.
"5/3/18, 8:54 AM",2 oz.
"5/3/18, 12:32 PM",3.25 oz.
"5/3/18, 7:04 PM",4.5 oz.
"5/3/18, 9:30 PM",2 oz.
"5/4/18, 8:07 AM",2 oz.
"5/4/18, 9:20 PM",3 oz.
"5/5/18, 9:16 PM",4 oz.
"5/6/18, 9:25 PM",.5 oz.
"5/7/18, 9:00 AM",1 oz.
"5/7/18, 12:39 PM",5 oz.
"5/7/18, 5:40 PM",4 oz.
"5/7/18, 9:32 PM",2.5 oz.
"5/8/18, 12:30 PM",5 oz.
"5/8/18, 5:43 PM",4 oz.
"5/8/18, 9:00 PM",4 oz.
"5/9/18, 8:30 AM",5 oz.
"5/9/18, 12:30 PM",4 oz.
"5/9/18, 7:00 PM",3 oz.
"5/9/18, 10:08 PM",2 oz.
"5/14/18, 9:05 PM",.5 oz.
"5/15/18, 10:00 AM",4.5 oz.
"5/15/18, 2:00 PM",2 oz.
"5/15/18, 9:19 PM",2.25 oz.
"5/16/18, 8:30 AM",3 oz.
"5/16/18, 12:07 PM",3 oz.
"5/16/18, 5:07 PM",3 oz.
"5/16/18, 9:31 PM",2 oz.
