,Original,add_file,group,filepath
0,"add_file -xilinx ""ipcore_dir/chipscope_32vio.ngc""",add_file,xilinx,ipcore_dir/chipscope_32vio.ngc
1,"add_file -verilog ""vlog/dac_mem_sort_v3ms.v""",add_file,verilog,vlog/dac_mem_sort_v3ms.v
2,"add_file -verilog ""vlog/dac_memclr_dm1.v""",add_file,verilog,vlog/dac_memclr_dm1.v
3,"add_file -verilog ""vlog/dac_loader_dm1.v""",add_file,verilog,vlog/dac_loader_dm1.v
4,"add_file -verilog ""vlog/dac_codeset_dm1.v""",add_file,verilog,vlog/dac_codeset_dm1.v
5,"add_file -verilog ""vlog/dac_cntrl_legos.v""",add_file,verilog,vlog/dac_cntrl_legos.v
6,"add_file -verilog ""vlog/v3ms_gate_timing.v""",add_file,verilog,vlog/v3ms_gate_timing.v
7,"add_file -verilog ""vlog/dp_mem_52x12.v""",add_file,verilog,vlog/dp_mem_52x12.v
8,"add_file -verilog ""vlog/dac_main_v3ms.v""",add_file,verilog,vlog/dac_main_v3ms.v
9,"add_file -verilog ""vlog/shiftgbit8x28.v""",add_file,verilog,vlog/shiftgbit8x28.v
10,"add_file -verilog ""vlog/line_st_gen_v3ms.v""",add_file,verilog,vlog/line_st_gen_v3ms.v
11,"add_file -verilog ""vlog/line_sigs_lc04.v""",add_file,verilog,vlog/line_sigs_lc04.v
12,"add_file -verilog ""vlog/ink_serialin_lc04.v""",add_file,verilog,vlog/ink_serialin_lc04.v
13,"add_file -verilog ""vlog/ink_regctrl_lc04.v""",add_file,verilog,vlog/ink_regctrl_lc04.v
14,"add_file -verilog ""vlog/ink_dacctrl_legos_v3ms.v""",add_file,verilog,vlog/ink_dacctrl_legos_v3ms.v
15,"add_file -verilog ""vlog/gate_drvr_v3ms.v""",add_file,verilog,vlog/gate_drvr_v3ms.v
16,"add_file -verilog ""vlog/frm_st_gen.v""",add_file,verilog,vlog/frm_st_gen.v
17,"add_file -verilog ""vlog/dp_mem_64x64.v""",add_file,verilog,vlog/dp_mem_64x64.v
18,"add_file -verilog ""vlog/dp_mem_64x16.v""",add_file,verilog,vlog/dp_mem_64x16.v
19,"add_file -verilog ""vlog/dcds_sub14_legos.v""",add_file,verilog,vlog/dcds_sub14_legos.v
20,"add_file -verilog ""vlog/busmux28_15_legos.v""",add_file,verilog,vlog/busmux28_15_legos.v
21,"add_file -xilinx ""ipcore_dir/lineram_dp_256d_210w.ngc""",add_file,xilinx,ipcore_dir/lineram_dp_256d_210w.ngc
22,"add_file -verilog ""ipcore_dir/lineram_dp_256d_210w.v""",add_file,verilog,ipcore_dir/lineram_dp_256d_210w.v
23,"add_file -xilinx ""ipcore_dir/dcdsram_sp_128d_196w.ngc""",add_file,xilinx,ipcore_dir/dcdsram_sp_128d_196w.ngc
24,"add_file -verilog ""ipcore_dir/dcdsram_sp_128d_196w.v""",add_file,verilog,ipcore_dir/dcdsram_sp_128d_196w.v
25,"add_file -verilog ""vlog/xf_uart_synth.v""",add_file,verilog,vlog/xf_uart_synth.v
26,"add_file -verilog ""vlog/ver_to_bin.v""",add_file,verilog,vlog/ver_to_bin.v
27,"add_file -verilog ""vlog/ver_mux_lookup.v""",add_file,verilog,vlog/ver_mux_lookup.v
28,"add_file -verilog ""vlog/status_legos.v""",add_file,verilog,vlog/status_legos.v
29,"add_file -verilog ""vlog/serializer.v""",add_file,verilog,vlog/serializer.v
30,"add_file -verilog ""vlog/scu_legos_v3ms.v""",add_file,verilog,vlog/scu_legos_v3ms.v
31,"add_file -verilog ""vlog/ink_legos_v3ms.v""",add_file,verilog,vlog/ink_legos_v3ms.v
32,"add_file -verilog ""vlog/busmux18_32_legos.v""",add_file,verilog,vlog/busmux18_32_legos.v
33,"add_file -verilog ""vlog/aurora8b10b_125_rp113_3_gtx_var.v""",add_file,verilog,vlog/aurora8b10b_125_rp113_3_gtx_var.v
34,"add_file -verilog ""vlog/aurora8b10b_125_rp113_2_gtx_var.v""",add_file,verilog,vlog/aurora8b10b_125_rp113_2_gtx_var.v
35,"add_file -verilog ""vlog/aurora8b10b_125_rp113_1_gtx_var.v""",add_file,verilog,vlog/aurora8b10b_125_rp113_1_gtx_var.v
36,"add_file -verilog ""vlog/aurora8b10b_125_rp112_3_gtx_var.v""",add_file,verilog,vlog/aurora8b10b_125_rp112_3_gtx_var.v
37,"add_file -verilog ""vlog/aurora8b10b_125_rp112_2_gtx_var.v""",add_file,verilog,vlog/aurora8b10b_125_rp112_2_gtx_var.v
38,"add_file -verilog ""vlog/aurora8b10b_125_rp112_1_gtx_var.v""",add_file,verilog,vlog/aurora8b10b_125_rp112_1_gtx_var.v
39,"add_file -verilog ""vlog/aurora8b10b_125_gp113_0_gtx_var.v""",add_file,verilog,vlog/aurora8b10b_125_gp113_0_gtx_var.v
40,"add_file -verilog ""vlog/aurora8b10b_125_gp112_0_gtx_var.v""",add_file,verilog,vlog/aurora8b10b_125_gp112_0_gtx_var.v
41,"add_file -verilog ""ipcore_dir/aurora8b10b_125_rp116_1/src/aurora8b10b_125_rp116_1_sym_gen_4byte.v""",add_file,verilog,ipcore_dir/aurora8b10b_125_rp116_1/src/aurora8b10b_125_rp116_1_sym_gen_4byte.v
42,"add_file -verilog ""ipcore_dir/aurora8b10b_125_rp116_1/src/aurora8b10b_125_rp116_1_sym_dec_4byte.v""",add_file,verilog,ipcore_dir/aurora8b10b_125_rp116_1/src/aurora8b10b_125_rp116_1_sym_dec_4byte.v
43,"add_file -verilog ""ipcore_dir/aurora8b10b_125_rp116_1/src/aurora8b10b_125_rp116_1_lane_init_sm_4byte.v""",add_file,verilog,ipcore_dir/aurora8b10b_125_rp116_1/src/aurora8b10b_125_rp116_1_lane_init_sm_4byte.v
44,"add_file -verilog ""ipcore_dir/aurora8b10b_125_rp116_1/src/aurora8b10b_125_rp116_1_idle_and_ver_gen.v""",add_file,verilog,ipcore_dir/aurora8b10b_125_rp116_1/src/aurora8b10b_125_rp116_1_idle_and_ver_gen.v
45,"add_file -verilog ""ipcore_dir/aurora8b10b_125_rp116_1/src/aurora8b10b_125_rp116_1_err_detect_4byte.v""",add_file,verilog,ipcore_dir/aurora8b10b_125_rp116_1/src/aurora8b10b_125_rp116_1_err_detect_4byte.v
46,"add_file -verilog ""ipcore_dir/aurora8b10b_125_rp116_1/src/aurora8b10b_125_rp116_1_chbond_count_dec_4byte.v""",add_file,verilog,ipcore_dir/aurora8b10b_125_rp116_1/src/aurora8b10b_125_rp116_1_chbond_count_dec_4byte.v
47,"add_file -verilog ""ipcore_dir/aurora8b10b_125_rp116_1/src/aurora8b10b_125_rp116_1_channel_init_sm.v""",add_file,verilog,ipcore_dir/aurora8b10b_125_rp116_1/src/aurora8b10b_125_rp116_1_channel_init_sm.v
48,"add_file -verilog ""ipcore_dir/aurora8b10b_125_rp116_1/src/aurora8b10b_125_rp116_1_channel_err_detect.v""",add_file,verilog,ipcore_dir/aurora8b10b_125_rp116_1/src/aurora8b10b_125_rp116_1_channel_err_detect.v
49,"add_file -verilog ""ipcore_dir/aurora8b10b_125_rp116_1/example_design/gt/aurora8b10b_125_rp116_1_gtx.v""",add_file,verilog,ipcore_dir/aurora8b10b_125_rp116_1/example_design/gt/aurora8b10b_125_rp116_1_gtx.v
50,"add_file -verilog ""ipcore_dir/aurora8b10b_125_rp113_3/src/aurora8b10b_125_rp113_3_sym_gen_4byte.v""",add_file,verilog,ipcore_dir/aurora8b10b_125_rp113_3/src/aurora8b10b_125_rp113_3_sym_gen_4byte.v
51,"add_file -verilog ""ipcore_dir/aurora8b10b_125_rp113_3/src/aurora8b10b_125_rp113_3_sym_dec_4byte.v""",add_file,verilog,ipcore_dir/aurora8b10b_125_rp113_3/src/aurora8b10b_125_rp113_3_sym_dec_4byte.v
52,"add_file -verilog ""ipcore_dir/aurora8b10b_125_rp113_3/src/aurora8b10b_125_rp113_3_lane_init_sm_4byte.v""",add_file,verilog,ipcore_dir/aurora8b10b_125_rp113_3/src/aurora8b10b_125_rp113_3_lane_init_sm_4byte.v
53,"add_file -verilog ""ipcore_dir/aurora8b10b_125_rp113_3/src/aurora8b10b_125_rp113_3_idle_and_ver_gen.v""",add_file,verilog,ipcore_dir/aurora8b10b_125_rp113_3/src/aurora8b10b_125_rp113_3_idle_and_ver_gen.v
54,"add_file -verilog ""ipcore_dir/aurora8b10b_125_rp113_3/src/aurora8b10b_125_rp113_3_err_detect_4byte.v""",add_file,verilog,ipcore_dir/aurora8b10b_125_rp113_3/src/aurora8b10b_125_rp113_3_err_detect_4byte.v
55,"add_file -verilog ""ipcore_dir/aurora8b10b_125_rp113_3/src/aurora8b10b_125_rp113_3_chbond_count_dec_4byte.v""",add_file,verilog,ipcore_dir/aurora8b10b_125_rp113_3/src/aurora8b10b_125_rp113_3_chbond_count_dec_4byte.v
56,"add_file -verilog ""ipcore_dir/aurora8b10b_125_rp113_3/src/aurora8b10b_125_rp113_3_channel_init_sm.v""",add_file,verilog,ipcore_dir/aurora8b10b_125_rp113_3/src/aurora8b10b_125_rp113_3_channel_init_sm.v
57,"add_file -verilog ""ipcore_dir/aurora8b10b_125_rp113_3/src/aurora8b10b_125_rp113_3_channel_err_detect.v""",add_file,verilog,ipcore_dir/aurora8b10b_125_rp113_3/src/aurora8b10b_125_rp113_3_channel_err_detect.v
58,"add_file -verilog ""ipcore_dir/aurora8b10b_125_rp113_2/src/aurora8b10b_125_rp113_2_sym_gen_4byte.v""",add_file,verilog,ipcore_dir/aurora8b10b_125_rp113_2/src/aurora8b10b_125_rp113_2_sym_gen_4byte.v
59,"add_file -verilog ""ipcore_dir/aurora8b10b_125_rp113_2/src/aurora8b10b_125_rp113_2_sym_dec_4byte.v""",add_file,verilog,ipcore_dir/aurora8b10b_125_rp113_2/src/aurora8b10b_125_rp113_2_sym_dec_4byte.v
60,"add_file -verilog ""ipcore_dir/aurora8b10b_125_rp113_2/src/aurora8b10b_125_rp113_2_lane_init_sm_4byte.v""",add_file,verilog,ipcore_dir/aurora8b10b_125_rp113_2/src/aurora8b10b_125_rp113_2_lane_init_sm_4byte.v
61,"add_file -verilog ""ipcore_dir/aurora8b10b_125_rp113_2/src/aurora8b10b_125_rp113_2_idle_and_ver_gen.v""",add_file,verilog,ipcore_dir/aurora8b10b_125_rp113_2/src/aurora8b10b_125_rp113_2_idle_and_ver_gen.v
62,"add_file -verilog ""ipcore_dir/aurora8b10b_125_rp113_2/src/aurora8b10b_125_rp113_2_err_detect_4byte.v""",add_file,verilog,ipcore_dir/aurora8b10b_125_rp113_2/src/aurora8b10b_125_rp113_2_err_detect_4byte.v
63,"add_file -verilog ""ipcore_dir/aurora8b10b_125_rp113_2/src/aurora8b10b_125_rp113_2_chbond_count_dec_4byte.v""",add_file,verilog,ipcore_dir/aurora8b10b_125_rp113_2/src/aurora8b10b_125_rp113_2_chbond_count_dec_4byte.v
64,"add_file -verilog ""ipcore_dir/aurora8b10b_125_rp113_2/src/aurora8b10b_125_rp113_2_channel_init_sm.v""",add_file,verilog,ipcore_dir/aurora8b10b_125_rp113_2/src/aurora8b10b_125_rp113_2_channel_init_sm.v
65,"add_file -verilog ""ipcore_dir/aurora8b10b_125_rp113_2/src/aurora8b10b_125_rp113_2_channel_err_detect.v""",add_file,verilog,ipcore_dir/aurora8b10b_125_rp113_2/src/aurora8b10b_125_rp113_2_channel_err_detect.v
66,"add_file -verilog ""ipcore_dir/aurora8b10b_125_rp113_1/src/aurora8b10b_125_rp113_1_sym_gen_4byte.v""",add_file,verilog,ipcore_dir/aurora8b10b_125_rp113_1/src/aurora8b10b_125_rp113_1_sym_gen_4byte.v
67,"add_file -verilog ""ipcore_dir/aurora8b10b_125_rp113_1/src/aurora8b10b_125_rp113_1_sym_dec_4byte.v""",add_file,verilog,ipcore_dir/aurora8b10b_125_rp113_1/src/aurora8b10b_125_rp113_1_sym_dec_4byte.v
68,"add_file -verilog ""ipcore_dir/aurora8b10b_125_rp113_1/src/aurora8b10b_125_rp113_1_lane_init_sm_4byte.v""",add_file,verilog,ipcore_dir/aurora8b10b_125_rp113_1/src/aurora8b10b_125_rp113_1_lane_init_sm_4byte.v
69,"add_file -verilog ""ipcore_dir/aurora8b10b_125_rp113_1/src/aurora8b10b_125_rp113_1_idle_and_ver_gen.v""",add_file,verilog,ipcore_dir/aurora8b10b_125_rp113_1/src/aurora8b10b_125_rp113_1_idle_and_ver_gen.v
70,"add_file -verilog ""ipcore_dir/aurora8b10b_125_rp113_1/src/aurora8b10b_125_rp113_1_err_detect_4byte.v""",add_file,verilog,ipcore_dir/aurora8b10b_125_rp113_1/src/aurora8b10b_125_rp113_1_err_detect_4byte.v
71,"add_file -verilog ""ipcore_dir/aurora8b10b_125_rp113_1/src/aurora8b10b_125_rp113_1_chbond_count_dec_4byte.v""",add_file,verilog,ipcore_dir/aurora8b10b_125_rp113_1/src/aurora8b10b_125_rp113_1_chbond_count_dec_4byte.v
72,"add_file -verilog ""ipcore_dir/aurora8b10b_125_rp113_1/src/aurora8b10b_125_rp113_1_channel_init_sm.v""",add_file,verilog,ipcore_dir/aurora8b10b_125_rp113_1/src/aurora8b10b_125_rp113_1_channel_init_sm.v
73,"add_file -verilog ""ipcore_dir/aurora8b10b_125_rp113_1/src/aurora8b10b_125_rp113_1_channel_err_detect.v""",add_file,verilog,ipcore_dir/aurora8b10b_125_rp113_1/src/aurora8b10b_125_rp113_1_channel_err_detect.v
74,"add_file -verilog ""ipcore_dir/aurora8b10b_125_rp112_3/src/aurora8b10b_125_rp112_3_sym_gen_4byte.v""",add_file,verilog,ipcore_dir/aurora8b10b_125_rp112_3/src/aurora8b10b_125_rp112_3_sym_gen_4byte.v
75,"add_file -verilog ""ipcore_dir/aurora8b10b_125_rp112_3/src/aurora8b10b_125_rp112_3_sym_dec_4byte.v""",add_file,verilog,ipcore_dir/aurora8b10b_125_rp112_3/src/aurora8b10b_125_rp112_3_sym_dec_4byte.v
76,"add_file -verilog ""ipcore_dir/aurora8b10b_125_rp112_3/src/aurora8b10b_125_rp112_3_lane_init_sm_4byte.v""",add_file,verilog,ipcore_dir/aurora8b10b_125_rp112_3/src/aurora8b10b_125_rp112_3_lane_init_sm_4byte.v
77,"add_file -verilog ""ipcore_dir/aurora8b10b_125_rp112_3/src/aurora8b10b_125_rp112_3_idle_and_ver_gen.v""",add_file,verilog,ipcore_dir/aurora8b10b_125_rp112_3/src/aurora8b10b_125_rp112_3_idle_and_ver_gen.v
78,"add_file -verilog ""ipcore_dir/aurora8b10b_125_rp112_3/src/aurora8b10b_125_rp112_3_err_detect_4byte.v""",add_file,verilog,ipcore_dir/aurora8b10b_125_rp112_3/src/aurora8b10b_125_rp112_3_err_detect_4byte.v
79,"add_file -verilog ""ipcore_dir/aurora8b10b_125_rp112_3/src/aurora8b10b_125_rp112_3_chbond_count_dec_4byte.v""",add_file,verilog,ipcore_dir/aurora8b10b_125_rp112_3/src/aurora8b10b_125_rp112_3_chbond_count_dec_4byte.v
80,"add_file -verilog ""ipcore_dir/aurora8b10b_125_rp112_3/src/aurora8b10b_125_rp112_3_channel_init_sm.v""",add_file,verilog,ipcore_dir/aurora8b10b_125_rp112_3/src/aurora8b10b_125_rp112_3_channel_init_sm.v
81,"add_file -verilog ""ipcore_dir/aurora8b10b_125_rp112_3/src/aurora8b10b_125_rp112_3_channel_err_detect.v""",add_file,verilog,ipcore_dir/aurora8b10b_125_rp112_3/src/aurora8b10b_125_rp112_3_channel_err_detect.v
82,"add_file -verilog ""ipcore_dir/aurora8b10b_125_rp112_2/src/aurora8b10b_125_rp112_2_sym_gen_4byte.v""",add_file,verilog,ipcore_dir/aurora8b10b_125_rp112_2/src/aurora8b10b_125_rp112_2_sym_gen_4byte.v
83,"add_file -verilog ""ipcore_dir/aurora8b10b_125_rp112_2/src/aurora8b10b_125_rp112_2_sym_dec_4byte.v""",add_file,verilog,ipcore_dir/aurora8b10b_125_rp112_2/src/aurora8b10b_125_rp112_2_sym_dec_4byte.v
84,"add_file -verilog ""ipcore_dir/aurora8b10b_125_rp112_2/src/aurora8b10b_125_rp112_2_lane_init_sm_4byte.v""",add_file,verilog,ipcore_dir/aurora8b10b_125_rp112_2/src/aurora8b10b_125_rp112_2_lane_init_sm_4byte.v
85,"add_file -verilog ""ipcore_dir/aurora8b10b_125_rp112_2/src/aurora8b10b_125_rp112_2_idle_and_ver_gen.v""",add_file,verilog,ipcore_dir/aurora8b10b_125_rp112_2/src/aurora8b10b_125_rp112_2_idle_and_ver_gen.v
86,"add_file -verilog ""ipcore_dir/aurora8b10b_125_rp112_2/src/aurora8b10b_125_rp112_2_err_detect_4byte.v""",add_file,verilog,ipcore_dir/aurora8b10b_125_rp112_2/src/aurora8b10b_125_rp112_2_err_detect_4byte.v
87,"add_file -verilog ""ipcore_dir/aurora8b10b_125_rp112_2/src/aurora8b10b_125_rp112_2_chbond_count_dec_4byte.v""",add_file,verilog,ipcore_dir/aurora8b10b_125_rp112_2/src/aurora8b10b_125_rp112_2_chbond_count_dec_4byte.v
88,"add_file -verilog ""ipcore_dir/aurora8b10b_125_rp112_2/src/aurora8b10b_125_rp112_2_channel_init_sm.v""",add_file,verilog,ipcore_dir/aurora8b10b_125_rp112_2/src/aurora8b10b_125_rp112_2_channel_init_sm.v
89,"add_file -verilog ""ipcore_dir/aurora8b10b_125_rp112_2/src/aurora8b10b_125_rp112_2_channel_err_detect.v""",add_file,verilog,ipcore_dir/aurora8b10b_125_rp112_2/src/aurora8b10b_125_rp112_2_channel_err_detect.v
90,"add_file -verilog ""ipcore_dir/aurora8b10b_125_rp112_1/src/aurora8b10b_125_rp112_1_sym_gen_4byte.v""",add_file,verilog,ipcore_dir/aurora8b10b_125_rp112_1/src/aurora8b10b_125_rp112_1_sym_gen_4byte.v
91,"add_file -verilog ""ipcore_dir/aurora8b10b_125_rp112_1/src/aurora8b10b_125_rp112_1_sym_dec_4byte.v""",add_file,verilog,ipcore_dir/aurora8b10b_125_rp112_1/src/aurora8b10b_125_rp112_1_sym_dec_4byte.v
92,"add_file -verilog ""ipcore_dir/aurora8b10b_125_rp112_1/src/aurora8b10b_125_rp112_1_lane_init_sm_4byte.v""",add_file,verilog,ipcore_dir/aurora8b10b_125_rp112_1/src/aurora8b10b_125_rp112_1_lane_init_sm_4byte.v
93,"add_file -verilog ""ipcore_dir/aurora8b10b_125_rp112_1/src/aurora8b10b_125_rp112_1_idle_and_ver_gen.v""",add_file,verilog,ipcore_dir/aurora8b10b_125_rp112_1/src/aurora8b10b_125_rp112_1_idle_and_ver_gen.v
94,"add_file -verilog ""ipcore_dir/aurora8b10b_125_rp112_1/src/aurora8b10b_125_rp112_1_err_detect_4byte.v""",add_file,verilog,ipcore_dir/aurora8b10b_125_rp112_1/src/aurora8b10b_125_rp112_1_err_detect_4byte.v
95,"add_file -verilog ""ipcore_dir/aurora8b10b_125_rp112_1/src/aurora8b10b_125_rp112_1_chbond_count_dec_4byte.v""",add_file,verilog,ipcore_dir/aurora8b10b_125_rp112_1/src/aurora8b10b_125_rp112_1_chbond_count_dec_4byte.v
96,"add_file -verilog ""ipcore_dir/aurora8b10b_125_rp112_1/src/aurora8b10b_125_rp112_1_channel_init_sm.v""",add_file,verilog,ipcore_dir/aurora8b10b_125_rp112_1/src/aurora8b10b_125_rp112_1_channel_init_sm.v
97,"add_file -verilog ""ipcore_dir/aurora8b10b_125_rp112_1/src/aurora8b10b_125_rp112_1_channel_err_detect.v""",add_file,verilog,ipcore_dir/aurora8b10b_125_rp112_1/src/aurora8b10b_125_rp112_1_channel_err_detect.v
98,"add_file -verilog ""ipcore_dir/aurora8b10b_125_gp113_0/src/aurora8b10b_125_gp113_0_sym_gen_4byte.v""",add_file,verilog,ipcore_dir/aurora8b10b_125_gp113_0/src/aurora8b10b_125_gp113_0_sym_gen_4byte.v
99,"add_file -verilog ""ipcore_dir/aurora8b10b_125_gp113_0/src/aurora8b10b_125_gp113_0_sym_dec_4byte.v""",add_file,verilog,ipcore_dir/aurora8b10b_125_gp113_0/src/aurora8b10b_125_gp113_0_sym_dec_4byte.v
100,"add_file -verilog ""ipcore_dir/aurora8b10b_125_gp113_0/src/aurora8b10b_125_gp113_0_lane_init_sm_4byte.v""",add_file,verilog,ipcore_dir/aurora8b10b_125_gp113_0/src/aurora8b10b_125_gp113_0_lane_init_sm_4byte.v
101,"add_file -verilog ""ipcore_dir/aurora8b10b_125_gp113_0/src/aurora8b10b_125_gp113_0_idle_and_ver_gen.v""",add_file,verilog,ipcore_dir/aurora8b10b_125_gp113_0/src/aurora8b10b_125_gp113_0_idle_and_ver_gen.v
102,"add_file -verilog ""ipcore_dir/aurora8b10b_125_gp113_0/src/aurora8b10b_125_gp113_0_err_detect_4byte.v""",add_file,verilog,ipcore_dir/aurora8b10b_125_gp113_0/src/aurora8b10b_125_gp113_0_err_detect_4byte.v
103,"add_file -verilog ""ipcore_dir/aurora8b10b_125_gp113_0/src/aurora8b10b_125_gp113_0_chbond_count_dec_4byte.v""",add_file,verilog,ipcore_dir/aurora8b10b_125_gp113_0/src/aurora8b10b_125_gp113_0_chbond_count_dec_4byte.v
104,"add_file -verilog ""ipcore_dir/aurora8b10b_125_gp113_0/src/aurora8b10b_125_gp113_0_channel_init_sm.v""",add_file,verilog,ipcore_dir/aurora8b10b_125_gp113_0/src/aurora8b10b_125_gp113_0_channel_init_sm.v
105,"add_file -verilog ""ipcore_dir/aurora8b10b_125_gp113_0/src/aurora8b10b_125_gp113_0_channel_err_detect.v""",add_file,verilog,ipcore_dir/aurora8b10b_125_gp113_0/src/aurora8b10b_125_gp113_0_channel_err_detect.v
106,"add_file -verilog ""ipcore_dir/aurora8b10b_125_gp112_0/src/aurora8b10b_125_gp112_0_sym_gen_4byte.v""",add_file,verilog,ipcore_dir/aurora8b10b_125_gp112_0/src/aurora8b10b_125_gp112_0_sym_gen_4byte.v
107,"add_file -verilog ""ipcore_dir/aurora8b10b_125_gp112_0/src/aurora8b10b_125_gp112_0_sym_dec_4byte.v""",add_file,verilog,ipcore_dir/aurora8b10b_125_gp112_0/src/aurora8b10b_125_gp112_0_sym_dec_4byte.v
108,"add_file -verilog ""ipcore_dir/aurora8b10b_125_gp112_0/src/aurora8b10b_125_gp112_0_lane_init_sm_4byte.v""",add_file,verilog,ipcore_dir/aurora8b10b_125_gp112_0/src/aurora8b10b_125_gp112_0_lane_init_sm_4byte.v
109,"add_file -verilog ""ipcore_dir/aurora8b10b_125_gp112_0/src/aurora8b10b_125_gp112_0_idle_and_ver_gen.v""",add_file,verilog,ipcore_dir/aurora8b10b_125_gp112_0/src/aurora8b10b_125_gp112_0_idle_and_ver_gen.v
110,"add_file -verilog ""ipcore_dir/aurora8b10b_125_gp112_0/src/aurora8b10b_125_gp112_0_err_detect_4byte.v""",add_file,verilog,ipcore_dir/aurora8b10b_125_gp112_0/src/aurora8b10b_125_gp112_0_err_detect_4byte.v
111,"add_file -verilog ""ipcore_dir/aurora8b10b_125_gp112_0/src/aurora8b10b_125_gp112_0_chbond_count_dec_4byte.v""",add_file,verilog,ipcore_dir/aurora8b10b_125_gp112_0/src/aurora8b10b_125_gp112_0_chbond_count_dec_4byte.v
112,"add_file -verilog ""ipcore_dir/aurora8b10b_125_gp112_0/src/aurora8b10b_125_gp112_0_channel_init_sm.v""",add_file,verilog,ipcore_dir/aurora8b10b_125_gp112_0/src/aurora8b10b_125_gp112_0_channel_init_sm.v
113,"add_file -verilog ""ipcore_dir/aurora8b10b_125_gp112_0/src/aurora8b10b_125_gp112_0_channel_err_detect.v""",add_file,verilog,ipcore_dir/aurora8b10b_125_gp112_0/src/aurora8b10b_125_gp112_0_channel_err_detect.v
114,"add_file -verilog ""vlog/Pleora_Control_40M.v""",add_file,verilog,vlog/Pleora_Control_40M.v
115,"add_file -verilog ""vlog/legos_diagnostics_v42s.v""",add_file,verilog,vlog/legos_diagnostics_v42s.v
116,"add_file -verilog ""vlog/lcd_init.v""",add_file,verilog,vlog/lcd_init.v
117,"add_file -verilog ""vlog/lcd_dispwrt.v""",add_file,verilog,vlog/lcd_dispwrt.v
118,"add_file -verilog ""vlog/lcd_cntrl_dm1.v""",add_file,verilog,vlog/lcd_cntrl_dm1.v
119,"add_file -verilog ""vlog/core_v3ms.v""",add_file,verilog,vlog/core_v3ms.v
120,"add_file -verilog ""vlog/clk_timer250KHz.v""",add_file,verilog,vlog/clk_timer250KHz.v
121,"add_file -verilog ""ipcore_dir/aurora8b10b_125_rp116_1/src/aurora8b10b_125_rp116_1_tx_stream.v""",add_file,verilog,ipcore_dir/aurora8b10b_125_rp116_1/src/aurora8b10b_125_rp116_1_tx_stream.v
122,"add_file -verilog ""ipcore_dir/aurora8b10b_125_rp116_1/src/aurora8b10b_125_rp116_1_rx_stream.v""",add_file,verilog,ipcore_dir/aurora8b10b_125_rp116_1/src/aurora8b10b_125_rp116_1_rx_stream.v
123,"add_file -verilog ""ipcore_dir/aurora8b10b_125_rp116_1/src/aurora8b10b_125_rp116_1_ll_to_axi.v""",add_file,verilog,ipcore_dir/aurora8b10b_125_rp116_1/src/aurora8b10b_125_rp116_1_ll_to_axi.v
124,"add_file -verilog ""ipcore_dir/aurora8b10b_125_rp116_1/src/aurora8b10b_125_rp116_1_global_logic.v""",add_file,verilog,ipcore_dir/aurora8b10b_125_rp116_1/src/aurora8b10b_125_rp116_1_global_logic.v
125,"add_file -verilog ""ipcore_dir/aurora8b10b_125_rp116_1/src/aurora8b10b_125_rp116_1_axi_to_ll.v""",add_file,verilog,ipcore_dir/aurora8b10b_125_rp116_1/src/aurora8b10b_125_rp116_1_axi_to_ll.v
126,"add_file -verilog ""ipcore_dir/aurora8b10b_125_rp116_1/src/aurora8b10b_125_rp116_1_aurora_lane_4byte.v""",add_file,verilog,ipcore_dir/aurora8b10b_125_rp116_1/src/aurora8b10b_125_rp116_1_aurora_lane_4byte.v
127,"add_file -verilog ""ipcore_dir/aurora8b10b_125_rp116_1/example_design/gt/aurora8b10b_125_rp116_1_transceiver_wrapper.v""",add_file,verilog,ipcore_dir/aurora8b10b_125_rp116_1/example_design/gt/aurora8b10b_125_rp116_1_transceiver_wrapper.v
128,"add_file -verilog ""ipcore_dir/aurora8b10b_125_rp113_3/src/aurora8b10b_125_rp113_3_tx_stream.v""",add_file,verilog,ipcore_dir/aurora8b10b_125_rp113_3/src/aurora8b10b_125_rp113_3_tx_stream.v
129,"add_file -verilog ""ipcore_dir/aurora8b10b_125_rp113_3/src/aurora8b10b_125_rp113_3_rx_stream.v""",add_file,verilog,ipcore_dir/aurora8b10b_125_rp113_3/src/aurora8b10b_125_rp113_3_rx_stream.v
130,"add_file -verilog ""ipcore_dir/aurora8b10b_125_rp113_3/src/aurora8b10b_125_rp113_3_ll_to_axi.v""",add_file,verilog,ipcore_dir/aurora8b10b_125_rp113_3/src/aurora8b10b_125_rp113_3_ll_to_axi.v
131,"add_file -verilog ""ipcore_dir/aurora8b10b_125_rp113_3/src/aurora8b10b_125_rp113_3_global_logic.v""",add_file,verilog,ipcore_dir/aurora8b10b_125_rp113_3/src/aurora8b10b_125_rp113_3_global_logic.v
132,"add_file -verilog ""ipcore_dir/aurora8b10b_125_rp113_3/src/aurora8b10b_125_rp113_3_axi_to_ll.v""",add_file,verilog,ipcore_dir/aurora8b10b_125_rp113_3/src/aurora8b10b_125_rp113_3_axi_to_ll.v
133,"add_file -verilog ""ipcore_dir/aurora8b10b_125_rp113_3/src/aurora8b10b_125_rp113_3_aurora_lane_4byte.v""",add_file,verilog,ipcore_dir/aurora8b10b_125_rp113_3/src/aurora8b10b_125_rp113_3_aurora_lane_4byte.v
134,"add_file -verilog ""ipcore_dir/aurora8b10b_125_rp113_3/example_design/gt/aurora8b10b_125_rp113_3_transceiver_wrapper.v""",add_file,verilog,ipcore_dir/aurora8b10b_125_rp113_3/example_design/gt/aurora8b10b_125_rp113_3_transceiver_wrapper.v
135,"add_file -verilog ""ipcore_dir/aurora8b10b_125_rp113_2/src/aurora8b10b_125_rp113_2_tx_stream.v""",add_file,verilog,ipcore_dir/aurora8b10b_125_rp113_2/src/aurora8b10b_125_rp113_2_tx_stream.v
136,"add_file -verilog ""ipcore_dir/aurora8b10b_125_rp113_2/src/aurora8b10b_125_rp113_2_rx_stream.v""",add_file,verilog,ipcore_dir/aurora8b10b_125_rp113_2/src/aurora8b10b_125_rp113_2_rx_stream.v
137,"add_file -verilog ""ipcore_dir/aurora8b10b_125_rp113_2/src/aurora8b10b_125_rp113_2_ll_to_axi.v""",add_file,verilog,ipcore_dir/aurora8b10b_125_rp113_2/src/aurora8b10b_125_rp113_2_ll_to_axi.v
138,"add_file -verilog ""ipcore_dir/aurora8b10b_125_rp113_2/src/aurora8b10b_125_rp113_2_global_logic.v""",add_file,verilog,ipcore_dir/aurora8b10b_125_rp113_2/src/aurora8b10b_125_rp113_2_global_logic.v
139,"add_file -verilog ""ipcore_dir/aurora8b10b_125_rp113_2/src/aurora8b10b_125_rp113_2_axi_to_ll.v""",add_file,verilog,ipcore_dir/aurora8b10b_125_rp113_2/src/aurora8b10b_125_rp113_2_axi_to_ll.v
140,"add_file -verilog ""ipcore_dir/aurora8b10b_125_rp113_2/src/aurora8b10b_125_rp113_2_aurora_lane_4byte.v""",add_file,verilog,ipcore_dir/aurora8b10b_125_rp113_2/src/aurora8b10b_125_rp113_2_aurora_lane_4byte.v
141,"add_file -verilog ""ipcore_dir/aurora8b10b_125_rp113_2/example_design/gt/aurora8b10b_125_rp113_2_transceiver_wrapper.v""",add_file,verilog,ipcore_dir/aurora8b10b_125_rp113_2/example_design/gt/aurora8b10b_125_rp113_2_transceiver_wrapper.v
142,"add_file -verilog ""ipcore_dir/aurora8b10b_125_rp113_1/src/aurora8b10b_125_rp113_1_tx_stream.v""",add_file,verilog,ipcore_dir/aurora8b10b_125_rp113_1/src/aurora8b10b_125_rp113_1_tx_stream.v
143,"add_file -verilog ""ipcore_dir/aurora8b10b_125_rp113_1/src/aurora8b10b_125_rp113_1_rx_stream.v""",add_file,verilog,ipcore_dir/aurora8b10b_125_rp113_1/src/aurora8b10b_125_rp113_1_rx_stream.v
144,"add_file -verilog ""ipcore_dir/aurora8b10b_125_rp113_1/src/aurora8b10b_125_rp113_1_ll_to_axi.v""",add_file,verilog,ipcore_dir/aurora8b10b_125_rp113_1/src/aurora8b10b_125_rp113_1_ll_to_axi.v
145,"add_file -verilog ""ipcore_dir/aurora8b10b_125_rp113_1/src/aurora8b10b_125_rp113_1_global_logic.v""",add_file,verilog,ipcore_dir/aurora8b10b_125_rp113_1/src/aurora8b10b_125_rp113_1_global_logic.v
146,"add_file -verilog ""ipcore_dir/aurora8b10b_125_rp113_1/src/aurora8b10b_125_rp113_1_axi_to_ll.v""",add_file,verilog,ipcore_dir/aurora8b10b_125_rp113_1/src/aurora8b10b_125_rp113_1_axi_to_ll.v
147,"add_file -verilog ""ipcore_dir/aurora8b10b_125_rp113_1/src/aurora8b10b_125_rp113_1_aurora_lane_4byte.v""",add_file,verilog,ipcore_dir/aurora8b10b_125_rp113_1/src/aurora8b10b_125_rp113_1_aurora_lane_4byte.v
148,"add_file -verilog ""ipcore_dir/aurora8b10b_125_rp113_1/example_design/gt/aurora8b10b_125_rp113_1_transceiver_wrapper.v""",add_file,verilog,ipcore_dir/aurora8b10b_125_rp113_1/example_design/gt/aurora8b10b_125_rp113_1_transceiver_wrapper.v
149,"add_file -verilog ""ipcore_dir/aurora8b10b_125_rp112_3/src/aurora8b10b_125_rp112_3_tx_stream.v""",add_file,verilog,ipcore_dir/aurora8b10b_125_rp112_3/src/aurora8b10b_125_rp112_3_tx_stream.v
150,"add_file -verilog ""ipcore_dir/aurora8b10b_125_rp112_3/src/aurora8b10b_125_rp112_3_rx_stream.v""",add_file,verilog,ipcore_dir/aurora8b10b_125_rp112_3/src/aurora8b10b_125_rp112_3_rx_stream.v
151,"add_file -verilog ""ipcore_dir/aurora8b10b_125_rp112_3/src/aurora8b10b_125_rp112_3_ll_to_axi.v""",add_file,verilog,ipcore_dir/aurora8b10b_125_rp112_3/src/aurora8b10b_125_rp112_3_ll_to_axi.v
152,"add_file -verilog ""ipcore_dir/aurora8b10b_125_rp112_3/src/aurora8b10b_125_rp112_3_global_logic.v""",add_file,verilog,ipcore_dir/aurora8b10b_125_rp112_3/src/aurora8b10b_125_rp112_3_global_logic.v
153,"add_file -verilog ""ipcore_dir/aurora8b10b_125_rp112_3/src/aurora8b10b_125_rp112_3_axi_to_ll.v""",add_file,verilog,ipcore_dir/aurora8b10b_125_rp112_3/src/aurora8b10b_125_rp112_3_axi_to_ll.v
154,"add_file -verilog ""ipcore_dir/aurora8b10b_125_rp112_3/src/aurora8b10b_125_rp112_3_aurora_lane_4byte.v""",add_file,verilog,ipcore_dir/aurora8b10b_125_rp112_3/src/aurora8b10b_125_rp112_3_aurora_lane_4byte.v
155,"add_file -verilog ""ipcore_dir/aurora8b10b_125_rp112_3/example_design/gt/aurora8b10b_125_rp112_3_transceiver_wrapper.v""",add_file,verilog,ipcore_dir/aurora8b10b_125_rp112_3/example_design/gt/aurora8b10b_125_rp112_3_transceiver_wrapper.v
156,"add_file -verilog ""ipcore_dir/aurora8b10b_125_rp112_2/src/aurora8b10b_125_rp112_2_tx_stream.v""",add_file,verilog,ipcore_dir/aurora8b10b_125_rp112_2/src/aurora8b10b_125_rp112_2_tx_stream.v
157,"add_file -verilog ""ipcore_dir/aurora8b10b_125_rp112_2/src/aurora8b10b_125_rp112_2_rx_stream.v""",add_file,verilog,ipcore_dir/aurora8b10b_125_rp112_2/src/aurora8b10b_125_rp112_2_rx_stream.v
158,"add_file -verilog ""ipcore_dir/aurora8b10b_125_rp112_2/src/aurora8b10b_125_rp112_2_ll_to_axi.v""",add_file,verilog,ipcore_dir/aurora8b10b_125_rp112_2/src/aurora8b10b_125_rp112_2_ll_to_axi.v
159,"add_file -verilog ""ipcore_dir/aurora8b10b_125_rp112_2/src/aurora8b10b_125_rp112_2_global_logic.v""",add_file,verilog,ipcore_dir/aurora8b10b_125_rp112_2/src/aurora8b10b_125_rp112_2_global_logic.v
160,"add_file -verilog ""ipcore_dir/aurora8b10b_125_rp112_2/src/aurora8b10b_125_rp112_2_axi_to_ll.v""",add_file,verilog,ipcore_dir/aurora8b10b_125_rp112_2/src/aurora8b10b_125_rp112_2_axi_to_ll.v
161,"add_file -verilog ""ipcore_dir/aurora8b10b_125_rp112_2/src/aurora8b10b_125_rp112_2_aurora_lane_4byte.v""",add_file,verilog,ipcore_dir/aurora8b10b_125_rp112_2/src/aurora8b10b_125_rp112_2_aurora_lane_4byte.v
162,"add_file -verilog ""ipcore_dir/aurora8b10b_125_rp112_2/example_design/gt/aurora8b10b_125_rp112_2_transceiver_wrapper.v""",add_file,verilog,ipcore_dir/aurora8b10b_125_rp112_2/example_design/gt/aurora8b10b_125_rp112_2_transceiver_wrapper.v
163,"add_file -verilog ""ipcore_dir/aurora8b10b_125_rp112_1/src/aurora8b10b_125_rp112_1_tx_stream.v""",add_file,verilog,ipcore_dir/aurora8b10b_125_rp112_1/src/aurora8b10b_125_rp112_1_tx_stream.v
164,"add_file -verilog ""ipcore_dir/aurora8b10b_125_rp112_1/src/aurora8b10b_125_rp112_1_rx_stream.v""",add_file,verilog,ipcore_dir/aurora8b10b_125_rp112_1/src/aurora8b10b_125_rp112_1_rx_stream.v
165,"add_file -verilog ""ipcore_dir/aurora8b10b_125_rp112_1/src/aurora8b10b_125_rp112_1_ll_to_axi.v""",add_file,verilog,ipcore_dir/aurora8b10b_125_rp112_1/src/aurora8b10b_125_rp112_1_ll_to_axi.v
166,"add_file -verilog ""ipcore_dir/aurora8b10b_125_rp112_1/src/aurora8b10b_125_rp112_1_global_logic.v""",add_file,verilog,ipcore_dir/aurora8b10b_125_rp112_1/src/aurora8b10b_125_rp112_1_global_logic.v
167,"add_file -verilog ""ipcore_dir/aurora8b10b_125_rp112_1/src/aurora8b10b_125_rp112_1_axi_to_ll.v""",add_file,verilog,ipcore_dir/aurora8b10b_125_rp112_1/src/aurora8b10b_125_rp112_1_axi_to_ll.v
168,"add_file -verilog ""ipcore_dir/aurora8b10b_125_rp112_1/src/aurora8b10b_125_rp112_1_aurora_lane_4byte.v""",add_file,verilog,ipcore_dir/aurora8b10b_125_rp112_1/src/aurora8b10b_125_rp112_1_aurora_lane_4byte.v
169,"add_file -verilog ""ipcore_dir/aurora8b10b_125_rp112_1/example_design/gt/aurora8b10b_125_rp112_1_transceiver_wrapper.v""",add_file,verilog,ipcore_dir/aurora8b10b_125_rp112_1/example_design/gt/aurora8b10b_125_rp112_1_transceiver_wrapper.v
170,"add_file -verilog ""ipcore_dir/aurora8b10b_125_gp113_0/src/aurora8b10b_125_gp113_0_tx_stream.v""",add_file,verilog,ipcore_dir/aurora8b10b_125_gp113_0/src/aurora8b10b_125_gp113_0_tx_stream.v
171,"add_file -verilog ""ipcore_dir/aurora8b10b_125_gp113_0/src/aurora8b10b_125_gp113_0_rx_stream.v""",add_file,verilog,ipcore_dir/aurora8b10b_125_gp113_0/src/aurora8b10b_125_gp113_0_rx_stream.v
172,"add_file -verilog ""ipcore_dir/aurora8b10b_125_gp113_0/src/aurora8b10b_125_gp113_0_ll_to_axi.v""",add_file,verilog,ipcore_dir/aurora8b10b_125_gp113_0/src/aurora8b10b_125_gp113_0_ll_to_axi.v
173,"add_file -verilog ""ipcore_dir/aurora8b10b_125_gp113_0/src/aurora8b10b_125_gp113_0_global_logic.v""",add_file,verilog,ipcore_dir/aurora8b10b_125_gp113_0/src/aurora8b10b_125_gp113_0_global_logic.v
174,"add_file -verilog ""ipcore_dir/aurora8b10b_125_gp113_0/src/aurora8b10b_125_gp113_0_axi_to_ll.v""",add_file,verilog,ipcore_dir/aurora8b10b_125_gp113_0/src/aurora8b10b_125_gp113_0_axi_to_ll.v
175,"add_file -verilog ""ipcore_dir/aurora8b10b_125_gp113_0/src/aurora8b10b_125_gp113_0_aurora_lane_4byte.v""",add_file,verilog,ipcore_dir/aurora8b10b_125_gp113_0/src/aurora8b10b_125_gp113_0_aurora_lane_4byte.v
176,"add_file -verilog ""ipcore_dir/aurora8b10b_125_gp113_0/example_design/gt/aurora8b10b_125_gp113_0_transceiver_wrapper.v""",add_file,verilog,ipcore_dir/aurora8b10b_125_gp113_0/example_design/gt/aurora8b10b_125_gp113_0_transceiver_wrapper.v
177,"add_file -verilog ""ipcore_dir/aurora8b10b_125_gp112_0/src/aurora8b10b_125_gp112_0_tx_stream.v""",add_file,verilog,ipcore_dir/aurora8b10b_125_gp112_0/src/aurora8b10b_125_gp112_0_tx_stream.v
178,"add_file -verilog ""ipcore_dir/aurora8b10b_125_gp112_0/src/aurora8b10b_125_gp112_0_rx_stream.v""",add_file,verilog,ipcore_dir/aurora8b10b_125_gp112_0/src/aurora8b10b_125_gp112_0_rx_stream.v
179,"add_file -verilog ""ipcore_dir/aurora8b10b_125_gp112_0/src/aurora8b10b_125_gp112_0_ll_to_axi.v""",add_file,verilog,ipcore_dir/aurora8b10b_125_gp112_0/src/aurora8b10b_125_gp112_0_ll_to_axi.v
180,"add_file -verilog ""ipcore_dir/aurora8b10b_125_gp112_0/src/aurora8b10b_125_gp112_0_global_logic.v""",add_file,verilog,ipcore_dir/aurora8b10b_125_gp112_0/src/aurora8b10b_125_gp112_0_global_logic.v
181,"add_file -verilog ""ipcore_dir/aurora8b10b_125_gp112_0/src/aurora8b10b_125_gp112_0_axi_to_ll.v""",add_file,verilog,ipcore_dir/aurora8b10b_125_gp112_0/src/aurora8b10b_125_gp112_0_axi_to_ll.v
182,"add_file -verilog ""ipcore_dir/aurora8b10b_125_gp112_0/src/aurora8b10b_125_gp112_0_aurora_lane_4byte.v""",add_file,verilog,ipcore_dir/aurora8b10b_125_gp112_0/src/aurora8b10b_125_gp112_0_aurora_lane_4byte.v
183,"add_file -verilog ""ipcore_dir/aurora8b10b_125_gp112_0/example_design/gt/aurora8b10b_125_gp112_0_transceiver_wrapper.v""",add_file,verilog,ipcore_dir/aurora8b10b_125_gp112_0/example_design/gt/aurora8b10b_125_gp112_0_transceiver_wrapper.v
184,"add_file -verilog ""vlog/var_aurora_cc.v""",add_file,verilog,vlog/var_aurora_cc.v
185,"add_file -verilog ""vlog/spi_recv_diagver_legos.v""",add_file,verilog,vlog/spi_recv_diagver_legos.v
186,"add_file -verilog ""vlog/mux_to_chan.v""",add_file,verilog,vlog/mux_to_chan.v
187,"add_file -verilog ""vlog/ml605_rot_test.v""",add_file,verilog,vlog/ml605_rot_test.v
188,"add_file -verilog ""vlog/ml605_btn_chk.v""",add_file,verilog,vlog/ml605_btn_chk.v
189,"add_file -verilog ""vlog/linkmon.v""",add_file,verilog,vlog/linkmon.v
190,"add_file -verilog ""vlog/legos_v3ms_wrapper.v""",add_file,verilog,vlog/legos_v3ms_wrapper.v
191,"add_file -verilog ""vlog/lcd_legos.v""",add_file,verilog,vlog/lcd_legos.v
192,"add_file -verilog ""vlog/gate_adctrl_legos.v""",add_file,verilog,vlog/gate_adctrl_legos.v
193,"add_file -verilog ""vlog/fct_viomux.v""",add_file,verilog,vlog/fct_viomux.v
194,"add_file -verilog ""vlog/demux_from_chan.v""",add_file,verilog,vlog/demux_from_chan.v
195,"add_file -verilog ""vlog/chan_status_dm1.v""",add_file,verilog,vlog/chan_status_dm1.v
196,"add_file -verilog ""vlog/aurora_reset4.v""",add_file,verilog,vlog/aurora_reset4.v
197,"add_file -verilog ""vlog/adc_vdata_valid.v""",add_file,verilog,vlog/adc_vdata_valid.v
198,"add_file -verilog ""vlog/adc_retclk_valid_v3ms.v""",add_file,verilog,vlog/adc_retclk_valid_v3ms.v
199,"add_file -verilog ""ipcore_dir/clk_application/example_design/clk_application_exdes.v""",add_file,verilog,ipcore_dir/clk_application/example_design/clk_application_exdes.v
200,"add_file -verilog ""ipcore_dir/clk_application.v""",add_file,verilog,ipcore_dir/clk_application.v
201,"add_file -xilinx ""ipcore_dir/chipscope_ila16_16.ngc""",add_file,xilinx,ipcore_dir/chipscope_ila16_16.ngc
202,"add_file -verilog ""ipcore_dir/chipscope_ila16_16.v""",add_file,verilog,ipcore_dir/chipscope_ila16_16.v
203,"add_file -verilog ""ipcore_dir/chipscope_32vio.v""",add_file,verilog,ipcore_dir/chipscope_32vio.v
204,"add_file -verilog ""ipcore_dir/chipscope2.v""",add_file,verilog,ipcore_dir/chipscope2.v
205,"add_file -xilinx ""ipcore_dir/chipscope2.ngc""",add_file,xilinx,ipcore_dir/chipscope2.ngc
206,"add_file -verilog ""ipcore_dir/aurora8b10b_125_rp116_1/example_design/aurora8b10b_125_rp116_1.v""",add_file,verilog,ipcore_dir/aurora8b10b_125_rp116_1/example_design/aurora8b10b_125_rp116_1.v
207,"add_file -verilog ""ipcore_dir/aurora8b10b_125_rp113_3/example_design/aurora8b10b_125_rp113_3.v""",add_file,verilog,ipcore_dir/aurora8b10b_125_rp113_3/example_design/aurora8b10b_125_rp113_3.v
208,"add_file -verilog ""ipcore_dir/aurora8b10b_125_rp113_2/example_design/aurora8b10b_125_rp113_2.v""",add_file,verilog,ipcore_dir/aurora8b10b_125_rp113_2/example_design/aurora8b10b_125_rp113_2.v
209,"add_file -verilog ""ipcore_dir/aurora8b10b_125_rp113_1/example_design/aurora8b10b_125_rp113_1.v""",add_file,verilog,ipcore_dir/aurora8b10b_125_rp113_1/example_design/aurora8b10b_125_rp113_1.v
210,"add_file -verilog ""ipcore_dir/aurora8b10b_125_rp112_3/example_design/aurora8b10b_125_rp112_3.v""",add_file,verilog,ipcore_dir/aurora8b10b_125_rp112_3/example_design/aurora8b10b_125_rp112_3.v
211,"add_file -verilog ""ipcore_dir/aurora8b10b_125_rp112_2/example_design/aurora8b10b_125_rp112_2.v""",add_file,verilog,ipcore_dir/aurora8b10b_125_rp112_2/example_design/aurora8b10b_125_rp112_2.v
212,"add_file -verilog ""ipcore_dir/aurora8b10b_125_rp112_1/example_design/aurora8b10b_125_rp112_1.v""",add_file,verilog,ipcore_dir/aurora8b10b_125_rp112_1/example_design/aurora8b10b_125_rp112_1.v
213,"add_file -verilog ""ipcore_dir/aurora8b10b_125_gp113_0/example_design/aurora8b10b_125_gp113_0.v""",add_file,verilog,ipcore_dir/aurora8b10b_125_gp113_0/example_design/aurora8b10b_125_gp113_0.v
214,"add_file -verilog ""ipcore_dir/aurora8b10b_125_gp112_0/example_design/clock_module/aurora8b10b_125_gp112_0_clock_module.v""",add_file,verilog,ipcore_dir/aurora8b10b_125_gp112_0/example_design/clock_module/aurora8b10b_125_gp112_0_clock_module.v
215,"add_file -verilog ""ipcore_dir/aurora8b10b_125_gp112_0/example_design/aurora8b10b_125_gp112_0.v""",add_file,verilog,ipcore_dir/aurora8b10b_125_gp112_0/example_design/aurora8b10b_125_gp112_0.v
216,"add_file -verilog ""ipcore_dir/test_core1/example_design/test_core1_exdes.v""",add_file,verilog,ipcore_dir/test_core1/example_design/test_core1_exdes.v
217,"add_file -xilinx ""ipcore_dir/chipscope2vio.ngc""",add_file,xilinx,ipcore_dir/chipscope2vio.ngc
218,"add_file -constraint ""D:/Development/LegosFW/LegosDigMod_1/top_legos_v3ms.sdc""",add_file,constraint,D:/Development/LegosFW/LegosDigMod_1/top_legos_v3ms.sdc
219,"add_file -ucf ""ml605_mod_legos_v3ms.ucf""",add_file,ucf,ml605_mod_legos_v3ms.ucf
220,"add_file -verilog ""vlog/chan_check_v3ms.v""",add_file,verilog,vlog/chan_check_v3ms.v
221,"add_file -verilog ""vlog/imgr_intrlv.v""",add_file,verilog,vlog/imgr_intrlv.v
222,"add_file -verilog ""vlog/rdc_legos_v3ms.v""",add_file,verilog,vlog/rdc_legos_v3ms.v
223,"add_file -verilog ""vlog/v55_init.v""",add_file,verilog,vlog/v55_init.v
224,"add_file -verilog ""vlog/dcds_sub14_legos_clkd.v""",add_file,verilog,vlog/dcds_sub14_legos_clkd.v
225,"add_file -verilog ""vlog/top_legos_v3ms.v""",add_file,verilog,vlog/top_legos_v3ms.v
226,"add_file -constraint ""ml605_mod_legos_v3ms_conv.sdc""",add_file,constraint,ml605_mod_legos_v3ms_conv.sdc
